-- MySQL dump 10.13  Distrib 8.0.18, for Win64 (x86_64)
--
-- Host: localhost    Database: cakephp4dev
-- ------------------------------------------------------
-- Server version	8.0.18

/*!40101 SET @OLD_CHARACTER_SET_CLIENT=@@CHARACTER_SET_CLIENT */;
/*!40101 SET @OLD_CHARACTER_SET_RESULTS=@@CHARACTER_SET_RESULTS */;
/*!40101 SET @OLD_COLLATION_CONNECTION=@@COLLATION_CONNECTION */;
/*!50503 SET NAMES utf8 */;
/*!40103 SET @OLD_TIME_ZONE=@@TIME_ZONE */;
/*!40103 SET TIME_ZONE='+00:00' */;
/*!40014 SET @OLD_UNIQUE_CHECKS=@@UNIQUE_CHECKS, UNIQUE_CHECKS=0 */;
/*!40014 SET @OLD_FOREIGN_KEY_CHECKS=@@FOREIGN_KEY_CHECKS, FOREIGN_KEY_CHECKS=0 */;
/*!40101 SET @OLD_SQL_MODE=@@SQL_MODE, SQL_MODE='NO_AUTO_VALUE_ON_ZERO' */;
/*!40111 SET @OLD_SQL_NOTES=@@SQL_NOTES, SQL_NOTES=0 */;

--
-- Table structure for table `acos`
--

DROP TABLE IF EXISTS `acos`;
/*!40101 SET @saved_cs_client     = @@character_set_client */;
/*!50503 SET character_set_client = utf8mb4 */;
CREATE TABLE `acos` (
  `id` int(10) unsigned NOT NULL AUTO_INCREMENT,
  `parent_id` int(10) DEFAULT NULL,
  `model` varchar(255) DEFAULT '',
  `foreign_key` int(10) unsigned DEFAULT NULL,
  `alias` varchar(255) DEFAULT '',
  `lft` int(10) DEFAULT NULL,
  `rght` int(10) DEFAULT NULL,
  PRIMARY KEY (`id`),
  KEY `idx_acos_lft_rght` (`lft`,`rght`),
  KEY `idx_acos_alias` (`alias`)
) ENGINE=InnoDB AUTO_INCREMENT=63 DEFAULT CHARSET=utf8mb4 COLLATE=utf8mb4_0900_ai_ci;
/*!40101 SET character_set_client = @saved_cs_client */;

--
-- Dumping data for table `acos`
--

LOCK TABLES `acos` WRITE;
/*!40000 ALTER TABLE `acos` DISABLE KEYS */;
INSERT INTO `acos` VALUES (32,NULL,'',NULL,'controllers',1,62),(33,32,'',NULL,'AppCrud',2,3),(34,32,'',NULL,'MCompanies',4,17),(35,34,'',NULL,'index',5,6),(36,34,'',NULL,'view',7,8),(37,34,'',NULL,'add',9,10),(38,34,'',NULL,'edit',11,12),(39,34,'',NULL,'addStaff',13,14),(40,34,'',NULL,'delete',15,16),(41,32,'',NULL,'RoleDetails',18,29),(42,41,'',NULL,'index',19,20),(43,41,'',NULL,'view',21,22),(44,41,'',NULL,'add',23,24),(45,41,'',NULL,'edit',25,26),(46,41,'',NULL,'delete',27,28),(47,32,'',NULL,'Roles',30,41),(48,47,'',NULL,'index',31,32),(49,47,'',NULL,'view',33,34),(50,47,'',NULL,'add',35,36),(51,47,'',NULL,'edit',37,38),(52,47,'',NULL,'delete',39,40),(53,32,'',NULL,'Users',42,53),(54,53,'',NULL,'index',43,44),(55,53,'',NULL,'view',45,46),(56,53,'',NULL,'add',47,48),(57,53,'',NULL,'edit',49,50),(58,53,'',NULL,'delete',51,52),(59,32,'',NULL,'Acl',54,55),(60,32,'',NULL,'Bake',56,57),(61,32,'',NULL,'Migrations',58,59),(62,32,'',NULL,'WyriHaximus\\TwigView',60,61);
/*!40000 ALTER TABLE `acos` ENABLE KEYS */;
UNLOCK TABLES;

--
-- Table structure for table `aros`
--

DROP TABLE IF EXISTS `aros`;
/*!40101 SET @saved_cs_client     = @@character_set_client */;
/*!50503 SET character_set_client = utf8mb4 */;
CREATE TABLE `aros` (
  `id` int(10) unsigned NOT NULL AUTO_INCREMENT,
  `parent_id` int(10) DEFAULT NULL,
  `model` varchar(255) DEFAULT '',
  `foreign_key` int(10) unsigned DEFAULT NULL,
  `alias` varchar(255) DEFAULT '',
  `lft` int(10) DEFAULT NULL,
  `rght` int(10) DEFAULT NULL,
  PRIMARY KEY (`id`),
  KEY `idx_aros_lft_rght` (`lft`,`rght`),
  KEY `idx_aros_alias` (`alias`)
) ENGINE=InnoDB AUTO_INCREMENT=10 DEFAULT CHARSET=utf8mb4 COLLATE=utf8mb4_0900_ai_ci;
/*!40101 SET character_set_client = @saved_cs_client */;

--
-- Dumping data for table `aros`
--

LOCK TABLES `aros` WRITE;
/*!40000 ALTER TABLE `aros` DISABLE KEYS */;
INSERT INTO `aros` VALUES (1,NULL,'Roles',1,'',1,8),(2,NULL,'Roles',2,'',9,14),(3,1,'Users',1,'',2,3),(4,1,'Users',2,'',4,5),(5,2,'Users',3,'',10,11),(6,2,'Users',4,'',12,13),(7,1,'Users',5,'',6,7),(9,NULL,'Roles',27,'',15,16);
/*!40000 ALTER TABLE `aros` ENABLE KEYS */;
UNLOCK TABLES;

--
-- Table structure for table `aros_acos`
--

DROP TABLE IF EXISTS `aros_acos`;
/*!40101 SET @saved_cs_client     = @@character_set_client */;
/*!50503 SET character_set_client = utf8mb4 */;
CREATE TABLE `aros_acos` (
  `id` int(10) unsigned NOT NULL AUTO_INCREMENT,
  `aro_id` int(10) unsigned NOT NULL,
  `aco_id` int(10) unsigned NOT NULL,
  `_create` char(2) NOT NULL DEFAULT '0',
  `_read` char(2) NOT NULL DEFAULT '0',
  `_update` char(2) NOT NULL DEFAULT '0',
  `_delete` char(2) NOT NULL DEFAULT '0',
  PRIMARY KEY (`id`),
  KEY `idx_aco_id` (`aco_id`)
) ENGINE=InnoDB AUTO_INCREMENT=33 DEFAULT CHARSET=utf8mb4 COLLATE=utf8mb4_0900_ai_ci;
/*!40101 SET character_set_client = @saved_cs_client */;

--
-- Dumping data for table `aros_acos`
--

LOCK TABLES `aros_acos` WRITE;
/*!40000 ALTER TABLE `aros_acos` DISABLE KEYS */;
INSERT INTO `aros_acos` VALUES (19,2,48,'1','1','1','1'),(20,2,49,'1','1','1','1'),(29,1,48,'1','1','1','1'),(30,1,49,'1','1','1','1');
/*!40000 ALTER TABLE `aros_acos` ENABLE KEYS */;
UNLOCK TABLES;

--
-- Table structure for table `m_companies`
--

DROP TABLE IF EXISTS `m_companies`;
/*!40101 SET @saved_cs_client     = @@character_set_client */;
/*!50503 SET character_set_client = utf8mb4 */;
CREATE TABLE `m_companies` (
  `id` int(11) NOT NULL AUTO_INCREMENT,
  `code` varchar(6) NOT NULL,
  `name` varchar(100) NOT NULL,
  `tel_no` varchar(13) DEFAULT NULL,
  `staff` int(11) DEFAULT NULL,
  `established_date` date DEFAULT NULL,
  `note` varchar(255) DEFAULT NULL,
  `created_at` datetime NOT NULL DEFAULT CURRENT_TIMESTAMP,
  `updated_at` datetime NOT NULL DEFAULT CURRENT_TIMESTAMP ON UPDATE CURRENT_TIMESTAMP,
  `deleted_at` datetime DEFAULT NULL,
  PRIMARY KEY (`id`),
  UNIQUE KEY `code_UNIQUE` (`code`,`deleted_at`) /*!80000 INVISIBLE */
) ENGINE=InnoDB AUTO_INCREMENT=1038 DEFAULT CHARSET=utf8mb4 COLLATE=utf8mb4_0900_ai_ci;
/*!40101 SET character_set_client = @saved_cs_client */;

--
-- Dumping data for table `m_companies`
--

LOCK TABLES `m_companies` WRITE;
/*!40000 ALTER TABLE `m_companies` DISABLE KEYS */;
INSERT INTO `m_companies` VALUES (1,'100001','企業1','03-0000-0001',54,NULL,'全体にクラスが使用されるため, マークアップは柔軟に行うことができます。上記のように <ul> 使用するか, <nav> 要素を指定して独自のロールを作成します。','2019-10-12 19:50:01','2019-11-27 11:56:54',NULL),(2,'100002','企業2','048-000-0001',24,NULL,'nav とユーティリティを使用してコンポーネントのスタイルを変更します。必要に応じてミックスしたり, 自分で作成したりできます。','2019-10-12 19:50:01','2019-11-23 21:17:12',NULL),(3,'100003','企業名称3','050-000-0001',5,NULL,'.flex-column ユーティリティでflexアイテムの方向を変更して, ナビゲーションを積み重ねます。','2019-10-12 19:50:01','2019-12-28 23:37:43',NULL),(4,'100000','企業1000','03-0000-1000',62,'2019-11-26','備考1000','2019-10-12 19:50:01','2019-11-26 09:10:12',NULL),(5,'100100','企業1001','03-0000-1001',8,NULL,'備考1001','2019-10-12 19:50:01','2019-12-21 15:12:27',NULL),(6,'100200','企業1002','03-0000-1002',90,NULL,'備考1002zxc','2019-10-12 19:50:01','2019-12-21 12:05:49',NULL),(7,'100300','企業1003','03-0000-1003',97,NULL,'備考1003z','2019-10-12 19:50:01','2019-11-09 14:16:00',NULL),(13,'100900','企業1009','03-0000-1009',38,NULL,'備考1009','2019-10-12 19:50:01','2019-11-23 20:23:05','2019-11-23 08:23:05'),(17,'101300','企業1013','03-0000-1013',189,NULL,'備考1013','2019-10-12 19:50:01','2019-12-07 13:54:15','2019-12-07 01:54:15'),(18,'101400','企業1014','03-0000-1014',51,NULL,'備考1014','2019-10-12 19:50:01','2019-12-07 13:57:04',NULL),(19,'101500','企業1015','03-0000-1015',10,NULL,'備考1015z23','2019-10-12 19:50:01','2019-11-23 13:48:51','2019-11-23 01:48:51'),(20,'101600','企業1016','03-0000-1016',192,NULL,'備考1016','2019-10-12 19:50:01','2019-12-07 14:28:35','2019-12-07 02:28:35'),(21,'101700','企業1017','03-0000-1017',29,NULL,'備考1017','2019-10-12 19:50:01','2019-12-07 13:54:07','2019-12-07 01:54:07'),(22,'101800','企業1018','03-0000-1018',190,NULL,'備考1018','2019-10-12 19:50:01','2019-11-23 15:00:14','2019-11-23 03:00:14'),(23,'101900','企業1019','03-0000-1019',100,NULL,'備考1019','2019-10-12 19:50:01','2019-12-07 14:29:54',NULL),(26,'102200','企業1022','03-0000-1022',100,NULL,'備考1022','2019-10-12 19:50:01','2019-12-07 14:28:55',NULL),(27,'102300','企業1023','03-0000-1023',99,'2019-12-28','備考1023','2019-10-12 19:50:01','2019-12-28 23:51:18',NULL),(28,'102400','企業1024','03-0000-1024',388,NULL,'備考1024','2019-10-12 19:50:01','2019-11-09 14:16:00',NULL),(31,'102700','企業1027','03-0000-1027',220,NULL,'備考1027','2019-10-12 19:50:01','2019-11-09 14:16:00',NULL),(32,'102800','企業1028','03-0000-1028',358,NULL,'備考1028','2019-10-12 19:50:01','2019-11-10 22:22:23','2019-11-10 10:22:23'),(33,'102900','企業1029','03-0000-1029',266,NULL,'備考1029','2019-10-12 19:50:01','2019-11-10 22:22:53','2019-11-10 10:22:53'),(34,'103000','企業1030','03-0000-1030',366,NULL,'備考1030','2019-10-12 19:50:01','2019-11-10 22:23:15','2019-11-10 10:23:14'),(35,'103100','企業1031','03-0000-1031',172,NULL,'備考1031','2019-10-12 19:50:01','2019-11-27 22:44:33','2019-11-27 10:44:33'),(36,'103200','企業1032','03-0000-1032',23,NULL,'備考1032','2019-10-12 19:50:01','2019-11-23 20:17:51',NULL),(37,'103300','企業1033','03-0000-1033',99,'2019-01-01','備考1033zxc','2019-10-12 19:50:01','2019-12-28 23:52:27',NULL),(38,'103400','企業1034','03-0000-1034',10,'2019-12-15','備考1034','2019-10-12 19:50:01','2019-12-28 23:57:09',NULL),(39,'103500','企業1035','03-0000-1035',100,NULL,'備考1035','2019-10-12 19:50:01','2019-11-29 15:11:39','2019-11-29 03:11:39'),(40,'103600','企業1036','03-0000-1036',87,NULL,'備考1036nnn','2019-10-12 19:50:01','2019-12-01 20:08:48',NULL),(41,'103700','企業1037','03-0000-1037',96,NULL,'備考1037a','2019-10-12 19:50:01','2019-11-23 14:34:04','2019-11-23 02:34:04'),(42,'103800','企業1038','03-0000-1038',258,NULL,'備考1038','2019-10-12 19:50:01','2019-11-09 14:16:00',NULL),(43,'103900','企業1039?','03-0000-1039',25,NULL,'備考1039','2019-10-12 19:50:01','2019-12-15 15:50:07',NULL),(44,'104000','企業1040','03-0000-1040',66,NULL,'備考1040','2019-10-12 19:50:01','2019-10-12 19:50:01',NULL),(45,'104100','企業1041','03-0000-1041',134,NULL,'備考1041','2019-10-12 19:50:01','2019-10-12 19:50:01',NULL),(46,'104200','企業1042','03-0000-1042',82,NULL,'備考1042','2019-10-12 19:50:01','2019-10-12 19:50:01',NULL),(47,'104300','企業1043','03-0000-1043',170,NULL,'備考1043','2019-10-12 19:50:01','2019-10-12 19:50:01',NULL),(48,'104400','企業1044','03-0000-1044',186,NULL,'備考1044','2019-10-12 19:50:01','2019-10-12 19:50:01',NULL),(49,'104500','企業1045','03-0000-1045',308,NULL,'備考1045','2019-10-12 19:50:01','2019-10-12 19:50:01',NULL),(50,'104600','企業1046','03-0000-1046',276,NULL,'備考1046','2019-10-12 19:50:01','2019-10-12 19:50:01',NULL),(51,'104700','企業1047','03-0000-1047',306,NULL,'備考1047','2019-10-12 19:50:01','2019-10-12 19:50:01',NULL),(52,'104800','企業1048','03-0000-1048',64,NULL,'備考1048','2019-10-12 19:50:01','2019-11-23 15:03:39','2019-11-23 03:03:39'),(53,'104900','企業1049','03-0000-1049',40,NULL,'備考1049','2019-10-12 19:50:01','2019-11-23 20:21:41','2019-11-23 08:21:41'),(54,'105000','企業1050','03-0000-1050',132,NULL,'備考1050','2019-10-12 19:50:01','2019-10-12 19:50:01',NULL),(55,'105100','企業1051','03-0000-1051',264,NULL,'備考1051','2019-10-12 19:50:01','2019-10-12 19:50:01',NULL),(56,'105200','企業1052','03-0000-1052',216,NULL,'備考1052','2019-10-12 19:50:01','2019-10-12 19:50:01',NULL),(57,'105300','企業1053','03-0000-1053',368,NULL,'備考1053','2019-10-12 19:50:01','2019-10-12 19:50:01',NULL),(58,'105400','企業1054','03-0000-1054',400,NULL,'備考1054','2019-10-12 19:50:01','2019-10-12 19:50:01',NULL),(59,'105500','企業1055','03-0000-1055',110,NULL,'備考1055','2019-10-12 19:50:01','2019-10-12 19:50:01',NULL),(60,'105600','企業1056','03-0000-1056',334,NULL,'備考1056','2019-10-12 19:50:01','2019-10-12 19:50:01',NULL),(61,'105700','企業1057','03-0000-1057',282,NULL,'備考1057','2019-10-12 19:50:01','2019-10-12 19:50:01',NULL),(62,'105800','企業1058','03-0000-1058',28,NULL,'備考1058','2019-10-12 19:50:01','2019-11-23 20:17:51',NULL),(63,'105900','企業1059','03-0000-1059',97,NULL,'備考1059','2019-10-12 19:50:01','2019-10-12 19:50:01',NULL),(64,'106000','企業1060','03-0000-1060',64,NULL,'備考1060','2019-10-12 19:50:01','2019-10-12 19:50:01',NULL),(65,'106100','企業1061','03-0000-1061',246,NULL,'備考1061','2019-10-12 19:50:01','2019-10-12 19:50:01',NULL),(66,'106200','企業1062','03-0000-1062',300,NULL,'備考1062','2019-10-12 19:50:01','2019-10-12 19:50:01',NULL),(67,'106300','企業1063','03-0000-1063',214,NULL,'備考1063','2019-10-12 19:50:01','2019-10-12 19:50:01',NULL),(68,'106400','企業1064','03-0000-1064',362,NULL,'備考1064','2019-10-12 19:50:01','2019-10-12 19:50:01',NULL),(69,'106500','企業1065','03-0000-1065',290,NULL,'備考1065','2019-10-12 19:50:01','2019-10-12 19:50:01',NULL),(70,'106600','企業1066','03-0000-1066',312,NULL,'備考1066','2019-10-12 19:50:01','2019-10-12 19:50:01',NULL),(71,'106700','企業1067','03-0000-1067',382,NULL,'備考1067','2019-10-12 19:50:01','2019-10-12 19:50:01',NULL),(72,'106800','企業1068','03-0000-1068',284,NULL,'備考1068','2019-10-12 19:50:01','2019-10-12 19:50:01',NULL),(73,'106900','企業1069','03-0000-1069',344,NULL,'備考1069','2019-10-12 19:50:01','2019-10-12 19:50:01',NULL),(74,'107000','企業1070','03-0000-1070',224,NULL,'備考1070','2019-10-12 19:50:01','2019-10-12 19:50:01',NULL),(75,'107100','企業1071','03-0000-1071',328,NULL,'備考1071','2019-10-12 19:50:01','2019-10-12 19:50:01',NULL),(76,'107200','企業1072','03-0000-1072',88,NULL,'備考1072','2019-10-12 19:50:01','2019-10-12 19:50:01',NULL),(77,'107300','企業1073','03-0000-1073',282,NULL,'備考1073','2019-10-12 19:50:01','2019-10-12 19:50:01',NULL),(78,'107400','企業1074','03-0000-1074',222,NULL,'備考1074','2019-10-12 19:50:01','2019-11-09 14:16:00',NULL),(79,'107500','企業1075','03-0000-1075',264,NULL,'備考1075','2019-10-12 19:50:01','2019-11-09 14:16:00',NULL),(80,'107600','企業1076','03-0000-1076',208,NULL,'備考1076','2019-10-12 19:50:01','2019-10-12 19:50:01',NULL),(81,'107700','企業1077','03-0000-1077',194,NULL,'備考1077','2019-10-12 19:50:01','2019-10-12 19:50:01',NULL),(82,'107800','企業1078','03-0000-1078',342,NULL,'備考1078','2019-10-12 19:50:01','2019-10-12 19:50:01',NULL),(83,'107900','企業1079','03-0000-1079',366,NULL,'備考1079','2019-10-12 19:50:01','2019-10-12 19:50:01',NULL),(84,'108000','企業1080','03-0000-1080',101,NULL,'備考1080','2019-10-12 19:50:01','2019-11-27 23:24:02',NULL),(85,'108100','企業1081','03-0000-1081',126,NULL,'備考1081','2019-10-12 19:50:01','2019-10-12 19:50:01',NULL),(86,'108200','企業1082','03-0000-1082',999,NULL,'備考1082','2019-10-12 19:50:01','2019-11-09 14:16:00',NULL),(87,'108300','企業1083','03-0000-1083',260,NULL,'備考1083','2019-10-12 19:50:01','2019-10-12 19:50:01',NULL),(88,'108400','企業1084','03-0000-1084',346,NULL,'備考1084','2019-10-12 19:50:01','2019-10-12 19:50:01',NULL),(89,'108500','企業1085','03-0000-1085',328,NULL,'備考1085','2019-10-12 19:50:01','2019-10-12 19:50:01',NULL),(90,'108600','企業1086','03-0000-1086',256,NULL,'備考1086','2019-10-12 19:50:01','2019-10-12 19:50:01',NULL),(91,'108700','企業1087','03-0000-1087',340,NULL,'備考1087','2019-10-12 19:50:01','2019-10-12 19:50:01',NULL),(92,'108800','企業1088','03-0000-1088',344,NULL,'備考1088','2019-10-12 19:50:01','2019-10-12 19:50:01',NULL),(93,'108900','企業1089','03-0000-1089',216,NULL,'備考1089','2019-10-12 19:50:01','2019-10-12 19:50:01',NULL),(94,'109000','企業1090','03-0000-1090',370,NULL,'備考1090','2019-10-12 19:50:01','2019-10-12 19:50:01',NULL),(95,'109100','企業1091','03-0000-1091',154,NULL,'備考1091','2019-10-12 19:50:01','2019-10-12 19:50:01',NULL),(96,'109200','企業1092','03-0000-1092',148,NULL,'備考1092','2019-10-12 19:50:01','2019-10-12 19:50:01',NULL),(97,'109300','企業1093','03-0000-1093',99,NULL,'備考1093','2019-10-12 19:50:01','2019-11-27 23:23:30',NULL),(98,'109400','企業1094','03-0000-1094',108,NULL,'備考1094','2019-10-12 19:50:01','2019-10-12 19:50:01',NULL),(99,'109500','企業1095','03-0000-1095',21,NULL,'備考1095','2019-10-12 19:50:01','2019-11-23 13:50:11','2019-11-23 01:50:11'),(100,'109600','企業1096','03-0000-1096',282,NULL,'備考1096','2019-10-12 19:50:01','2019-10-12 19:50:01',NULL),(101,'109700','企業1097','03-0000-1097',314,NULL,'備考1097','2019-10-12 19:50:01','2019-10-12 19:50:01',NULL),(102,'109800','企業1098','03-0000-1098',240,NULL,'備考1098','2019-10-12 19:50:01','2019-10-12 19:50:01',NULL),(103,'109900','企業1099','03-0000-1099',218,NULL,'備考1099','2019-10-12 19:50:01','2019-10-12 19:50:01',NULL),(104,'200000','企業2000','03-0001-2000',261,NULL,'備考データ2000','2019-10-12 19:50:01','2019-10-12 19:50:01',NULL),(105,'200100','企業2001','03-0001-2001',51,NULL,'備考データ2001','2019-10-12 19:50:01','2019-10-12 19:50:01',NULL),(106,'200200','企業2002','03-0001-2002',342,NULL,'備考データ2002','2019-10-12 19:50:01','2019-10-12 19:50:01',NULL),(107,'200300','企業2003','03-0001-2003',504,NULL,'備考データ2003','2019-10-12 19:50:01','2019-10-12 19:50:01',NULL),(108,'200400','企業2004','03-0001-2004',489,NULL,'備考データ2004','2019-10-12 19:50:01','2019-10-14 08:59:00','2019-10-14 08:59:00'),(109,'200500','企業2005','03-0001-2005',195,NULL,'備考データ2005','2019-10-12 19:50:01','2019-10-26 11:19:43','2019-10-26 11:19:43'),(110,'200600','企業2006','03-0001-2006',291,NULL,'備考データ2006','2019-10-12 19:50:01','2019-10-14 08:59:00','2019-10-14 08:59:00'),(111,'200700','企業2007','03-0001-2007',546,NULL,'備考データ2007','2019-10-12 19:50:01','2019-10-26 11:19:43','2019-10-26 11:19:43'),(112,'200800','企業2008','03-0001-2008',282,NULL,'備考データ2008','2019-10-12 19:50:01','2019-10-14 08:59:00','2019-10-14 08:59:00'),(113,'200900','企業2009','03-0001-2009',66,NULL,'備考データ2009','2019-10-12 19:50:01','2019-10-26 11:20:24','2019-10-26 11:20:24'),(114,'201000','企業2010','03-0001-2010',255,NULL,'備考データ2010','2019-10-12 19:50:01','2019-10-26 11:20:24','2019-10-26 11:20:24'),(115,'201100','企業2011','03-0001-2011',96,NULL,'備考データ2011s','2019-10-12 19:50:01','2019-10-26 11:21:01','2019-10-26 11:21:01'),(116,'201200','企業2012','03-0001-2012',267,NULL,'備考データ2012','2019-10-12 19:50:01','2019-10-26 11:38:50','2019-10-26 11:38:50'),(117,'201300','企業2013','03-0001-2013',507,NULL,'備考データ2013','2019-10-12 19:50:01','2019-10-26 11:38:55','2019-10-26 11:38:55'),(118,'201400','企業2014','03-0001-2014',465,NULL,'備考データ2014','2019-10-12 19:50:01','2019-10-26 11:38:59','2019-10-26 11:38:59'),(119,'201500','企業2015','03-0001-2015',276,NULL,'備考データ2015','2019-10-12 19:50:01','2019-10-12 19:50:01',NULL),(120,'201600','企業2016','03-0001-2016',57,NULL,'備考データ2016','2019-10-12 19:50:01','2019-10-12 19:50:01',NULL),(121,'201700','企業2017','03-0001-2017',327,NULL,'備考データ2017','2019-10-12 19:50:01','2019-10-12 19:50:01',NULL),(122,'201800','企業2018','03-0001-2018',330,NULL,'備考データ2018','2019-10-12 19:50:01','2019-10-26 11:53:07','2019-10-26 11:53:07'),(123,'201900','企業2019','03-0001-2019',573,NULL,'備考データ2019','2019-10-12 19:50:01','2019-10-26 11:51:51','2019-10-26 11:51:51'),(124,'202000','企業2020','03-0001-2020',47,NULL,'備考データ2020','2019-10-12 19:50:01','2019-11-23 20:21:28','2019-11-23 08:21:28'),(125,'202100','企業2021','03-0001-2021',354,NULL,'備考データ2021','2019-10-12 19:50:01','2019-10-12 19:50:01',NULL),(126,'202200','企業2022','03-0001-2022',255,NULL,'備考データ2022','2019-10-12 19:50:01','2019-10-12 19:50:01',NULL),(127,'202300','企業2023','03-0001-2023',132,NULL,'備考データ2023','2019-10-12 19:50:01','2019-10-12 19:50:01',NULL),(128,'202400','企業2024','03-0001-2024',100,NULL,'備考データ2024','2019-10-12 19:50:01','2019-12-07 14:37:57',NULL),(129,'202500','企業2025','03-0001-2025',126,NULL,'備考データ2025','2019-10-12 19:50:01','2019-10-12 19:50:01',NULL),(130,'202600','企業2026','03-0001-2026',579,NULL,'備考データ2026','2019-10-12 19:50:01','2019-10-12 19:50:01',NULL),(131,'202700','企業2027','03-0001-2027',435,NULL,'備考データ2027','2019-10-12 19:50:01','2019-10-26 11:52:17','2019-10-26 11:52:17'),(132,'202800','企業2028','03-0001-2028',20,NULL,'備考データ2028','2019-10-12 19:50:01','2019-11-19 23:54:21','2019-11-19 11:54:21'),(133,'202900','企業2029','03-0001-2029',27,NULL,'備考データ2029','2019-10-12 19:50:01','2019-10-21 13:17:35','2019-10-21 01:17:35'),(134,'203000','企業2030','03-0001-2030',222,NULL,'備考データ2030','2019-10-12 19:50:01','2019-10-12 19:50:01',NULL),(135,'203100','企業2031','03-0001-2031',330,NULL,'備考データ2031','2019-10-12 19:50:01','2019-10-21 13:20:10','2019-10-21 01:20:10'),(136,'203200','企業2032','03-0001-2032',555,NULL,'備考データ2032','2019-10-12 19:50:01','2019-10-12 19:50:01',NULL),(137,'203300','企業2033','03-0001-2033',594,NULL,'備考データ2033','2019-10-12 19:50:01','2019-10-12 19:50:01',NULL),(138,'203400','企業2034','03-0001-2034',94,NULL,'備考データ2034','2019-10-12 19:50:01','2019-11-27 23:39:32',NULL),(139,'203500','企業2035','03-0001-2035',375,NULL,'備考データ2035','2019-10-12 19:50:01','2019-10-12 19:50:01',NULL),(140,'203600','企業2036','03-0001-2036',216,NULL,'備考データ2036','2019-10-12 19:50:01','2019-10-12 19:50:01',NULL),(141,'203700','企業2037','03-0001-2037',189,NULL,'備考データ2037','2019-10-12 19:50:01','2019-10-12 19:50:01',NULL),(142,'203800','企業2038','03-0001-2038',291,NULL,'備考データ2038','2019-10-12 19:50:01','2019-10-12 19:50:01',NULL),(143,'203900','企業2039','03-0001-2039',378,NULL,'備考データ2039','2019-10-12 19:50:01','2019-10-12 19:50:01',NULL),(144,'204000','企業2040','03-0001-2040',591,NULL,'備考データ2040','2019-10-12 19:50:01','2019-10-12 19:50:01',NULL),(145,'204100','企業2041','03-0001-2041',381,NULL,'備考データ2041','2019-10-12 19:50:01','2019-10-12 19:50:01',NULL),(146,'204200','企業2042','03-0001-2042',162,NULL,'備考データ2042','2019-10-12 19:50:01','2019-10-12 19:50:01',NULL),(147,'204300','企業2043','03-0001-2043',237,NULL,'備考データ2043','2019-10-12 19:50:01','2019-10-12 19:50:01',NULL),(148,'204400','企業2044','03-0001-2044',447,NULL,'備考データ2044','2019-10-12 19:50:01','2019-10-12 19:50:01',NULL),(149,'204500','企業2045','03-0001-2045',471,NULL,'備考データ2045','2019-10-12 19:50:01','2019-12-29 10:32:26','2019-12-29 10:32:26'),(150,'204600','企業2046','03-0001-2046',516,NULL,'備考データ2046','2019-10-12 19:50:01','2019-12-29 10:32:26','2019-12-29 10:32:26'),(151,'204700','企業2047','03-0001-2047',96,NULL,'備考データ2047','2019-10-12 19:50:01','2019-10-12 19:50:01',NULL),(152,'204800','企業2048','03-0001-2048',66,NULL,'備考データ2048','2019-10-12 19:50:01','2019-10-12 19:50:01',NULL),(153,'204900','企業2049','03-0001-2049',591,NULL,'備考データ2049','2019-10-12 19:50:01','2019-10-12 19:50:01',NULL),(154,'205000','企業2050','03-0001-2050',183,NULL,'備考データ2050','2019-10-12 19:50:01','2019-10-12 19:50:01',NULL),(155,'205100','企業2051','03-0001-2051',12,NULL,'備考データ2051','2019-10-12 19:50:01','2019-11-23 13:48:00','2019-11-23 01:48:00'),(156,'205200','企業2052','03-0001-2052',213,NULL,'備考データ2052','2019-10-12 19:50:01','2019-10-12 19:50:01',NULL),(157,'205300','企業2053','03-0001-2053',363,NULL,'備考データ2053','2019-10-12 19:50:01','2019-10-12 19:50:01',NULL),(158,'205400','企業2054','03-0001-2054',138,NULL,'備考データ2054','2019-10-12 19:50:01','2019-10-12 19:50:01',NULL),(159,'205500','企業2055','03-0001-2055',288,NULL,'備考データ2055','2019-10-12 19:50:01','2019-10-12 19:50:01',NULL),(160,'205600','企業2056','03-0001-2056',41,NULL,'備考データ2056','2019-10-12 19:50:01','2019-11-23 20:17:51',NULL),(161,'205700','企業2057','03-0001-2057',408,NULL,'備考データ2057','2019-10-12 19:50:01','2019-10-12 19:50:01',NULL),(162,'205800','企業2058','03-0001-2058',168,NULL,'備考データ2058','2019-10-12 19:50:01','2019-10-12 19:50:01',NULL),(163,'205900','企業2059','03-0001-2059',411,NULL,'備考データ2059','2019-10-12 19:50:01','2019-10-12 19:50:01',NULL),(164,'206000','企業2060','03-0001-2060',468,NULL,'備考データ2060','2019-10-12 19:50:01','2019-10-12 19:50:01',NULL),(165,'206100','企業2061','03-0001-2061',54,NULL,'備考データ2061','2019-10-12 19:50:01','2019-10-12 19:50:01',NULL),(166,'206200','企業2062','03-0001-2062',576,NULL,'備考データ2062','2019-10-12 19:50:01','2019-10-12 19:50:01',NULL),(167,'206300','企業2063','03-0001-2063',153,NULL,'備考データ2063','2019-10-12 19:50:01','2019-10-12 19:50:01',NULL),(168,'206400','企業2064','03-0001-2064',105,NULL,'備考データ2064','2019-10-12 19:50:01','2019-10-12 19:50:01',NULL),(169,'206500','企業2065','03-0001-2065',393,NULL,'備考データ2065','2019-10-12 19:50:01','2019-10-12 19:50:01',NULL),(170,'206600','企業2066','03-0001-2066',144,NULL,'備考データ2066','2019-10-12 19:50:01','2019-10-12 19:50:01',NULL),(171,'206700','企業2067','03-0001-2067',57,NULL,'備考データ2067','2019-10-12 19:50:01','2019-10-12 19:50:01',NULL),(172,'206800','企業2068','03-0001-2068',96,NULL,'備考データ2068','2019-10-12 19:50:01','2019-10-12 19:50:01',NULL),(173,'206900','企業2069','03-0001-2069',228,NULL,'備考データ2069','2019-10-12 19:50:01','2019-10-12 19:50:01',NULL),(174,'207000','企業2070','03-0001-2070',303,NULL,'備考データ2070','2019-10-12 19:50:01','2019-10-12 19:50:01',NULL),(175,'207100','企業2071','03-0001-2071',291,NULL,'備考データ2071','2019-10-12 19:50:01','2019-10-12 19:50:01',NULL),(176,'207200','企業2072','03-0001-2072',228,NULL,'備考データ2072','2019-10-12 19:50:01','2019-10-12 19:50:01',NULL),(177,'207300','企業2073','03-0001-2073',459,NULL,'備考データ2073','2019-10-12 19:50:01','2019-10-12 19:50:01',NULL),(178,'207400','企業2074','03-0001-2074',357,NULL,'備考データ2074','2019-10-12 19:50:01','2019-10-12 19:50:01',NULL),(179,'207500','企業2075','03-0001-2075',306,NULL,'備考データ2075','2019-10-12 19:50:01','2019-10-12 19:50:01',NULL),(180,'207600','企業2076','03-0001-2076',324,NULL,'備考データ2076','2019-10-12 19:50:01','2019-10-12 19:50:01',NULL),(181,'207700','企業2077','03-0001-2077',153,NULL,'備考データ2077','2019-10-12 19:50:01','2019-10-12 19:50:01',NULL),(182,'207800','企業2078','03-0001-2078',393,NULL,'備考データ2078','2019-10-12 19:50:01','2019-10-12 19:50:01',NULL),(183,'207900','企業2079','03-0001-2079',447,NULL,'備考データ2079','2019-10-12 19:50:01','2019-10-12 19:50:01',NULL),(184,'208000','企業2080','03-0001-2080',90,NULL,'備考データ2080','2019-10-12 19:50:01','2019-10-12 19:50:01',NULL),(186,'208200','企業2082','03-0001-2082',63,NULL,'備考データ2082','2019-10-12 19:50:01','2019-10-12 19:50:01',NULL),(187,'208300','企業2083','03-0001-2083',333,NULL,'備考データ2083','2019-10-12 19:50:01','2019-10-12 19:50:01',NULL),(188,'208400','企業2084','03-0001-2084',501,NULL,'備考データ2084','2019-10-12 19:50:01','2019-10-12 19:50:01',NULL),(189,'208500','企業2085','03-0001-2085',393,NULL,'備考データ2085','2019-10-12 19:50:01','2019-10-12 19:50:01',NULL),(190,'208600','企業2086','03-0001-2086',114,NULL,'備考データ2086','2019-10-12 19:50:01','2019-10-12 19:50:01',NULL),(191,'208700','企業2087','03-0001-2087',339,NULL,'備考データ2087','2019-10-12 19:50:01','2019-10-14 08:59:10','2019-10-14 08:59:10'),(192,'208800','企業2088','03-0001-2088',231,NULL,'備考データ2088','2019-10-12 19:50:01','2019-10-12 19:50:01',NULL),(193,'208900','企業2089','03-0001-2089',432,NULL,'備考データ2089','2019-10-12 19:50:01','2019-10-12 19:50:01',NULL),(194,'209000','企業2090','03-0001-2090',576,NULL,'備考データ2090','2019-10-12 19:50:01','2019-10-12 19:50:01',NULL),(195,'209100','企業2091','03-0001-2091',375,NULL,'備考データ2091','2019-10-12 19:50:01','2019-10-12 19:50:01',NULL),(196,'209200','企業2092','03-0001-2092',336,NULL,'備考データ2092','2019-10-12 19:50:01','2019-10-12 19:50:01',NULL),(197,'209300','企業2093','03-0001-2093',105,NULL,'備考データ2093','2019-10-12 19:50:01','2019-10-12 19:50:01',NULL),(198,'209400','企業2094','03-0001-2094',510,NULL,'備考データ2094','2019-10-12 19:50:01','2019-10-12 19:50:01',NULL),(199,'209500','企業2095','03-0001-2095',258,NULL,'備考データ2095','2019-10-12 19:50:01','2019-10-12 19:50:01',NULL),(200,'209600','企業2096','03-0001-2096',282,NULL,'備考データ2096','2019-10-12 19:50:01','2019-10-12 19:50:01',NULL),(201,'209700','企業2097','03-0001-2097',96,NULL,'備考データ2097','2019-10-12 19:50:01','2019-10-12 19:50:01',NULL),(202,'209800','企業2098','03-0001-2098',75,NULL,'備考データ2098','2019-10-12 19:50:01','2019-10-12 19:50:01',NULL),(203,'209900','企業2099','03-0001-2099',294,NULL,'備考データ2099','2019-10-12 19:50:01','2019-10-12 19:50:01',NULL),(204,'210000','企業2100','03-0001-2100',360,NULL,'備考データ2100','2019-10-12 19:50:01','2019-10-12 19:50:01',NULL),(205,'210100','企業2101','03-0001-2101',195,NULL,'備考データ2101','2019-10-12 19:50:01','2019-10-12 19:50:01',NULL),(206,'210200','企業2102','03-0001-2102',27,NULL,'備考データ2102','2019-10-12 19:50:01','2019-10-12 20:22:33','2019-10-12 08:22:33'),(207,'210300','企業2103','03-0001-2103',240,NULL,'備考データ2103','2019-10-12 19:50:01','2019-10-12 19:50:01',NULL),(208,'210400','企業2104','03-0001-2104',318,NULL,'備考データ2104','2019-10-12 19:50:01','2019-10-12 19:50:01',NULL),(209,'210500','企業2105','03-0001-2105',198,NULL,'備考データ2105','2019-10-12 19:50:01','2019-10-12 19:50:01',NULL),(210,'210600','企業2106','03-0001-2106',141,NULL,'備考データ2106','2019-10-12 19:50:01','2019-10-12 19:50:01',NULL),(211,'210700','企業2107','03-0001-2107',549,NULL,'備考データ2107','2019-10-12 19:50:01','2019-10-12 19:50:01',NULL),(212,'210800','企業2108','03-0001-2108',29,NULL,'備考データ2108','2019-10-12 19:50:01','2019-11-23 20:17:51',NULL),(213,'210900','企業2109','03-0001-2109',246,NULL,'備考データ2109','2019-10-12 19:50:01','2019-10-12 19:50:01',NULL),(214,'211000','企業2110','03-0001-2110',387,NULL,'備考データ2110','2019-10-12 19:50:01','2019-10-12 19:50:01',NULL),(215,'211100','企業2111','03-0001-2111',18,NULL,'備考データ2111','2019-10-12 19:50:01','2019-11-23 13:48:51','2019-11-23 01:48:51'),(216,'211200','企業2112','03-0001-2112',19,NULL,'備考データ2112','2019-10-12 19:50:01','2019-11-23 15:10:13','2019-11-23 03:10:13'),(217,'211300','企業2113','03-0001-2113',414,NULL,'備考データ2113','2019-10-12 19:50:01','2019-10-12 19:50:01',NULL),(218,'211400','企業2114','03-0001-2114',444,NULL,'備考データ2114','2019-10-12 19:50:01','2019-10-12 19:50:01',NULL),(219,'211500','企業2115','03-0001-2115',213,NULL,'備考データ2115','2019-10-12 19:50:01','2019-10-12 19:50:01',NULL),(220,'211600','企業2116','03-0001-2116',426,NULL,'備考データ2116','2019-10-12 19:50:01','2019-10-12 19:50:01',NULL),(221,'211700','企業2117','03-0001-2117',423,NULL,'備考データ2117','2019-10-12 19:50:01','2019-10-12 19:50:01',NULL),(222,'211800','企業2118','03-0001-2118',288,NULL,'備考データ2118','2019-10-12 19:50:01','2019-10-12 19:50:01',NULL),(223,'211900','企業2119','03-0001-2119',93,NULL,'備考データ2119','2019-10-12 19:50:01','2019-10-12 19:50:01',NULL),(224,'212000','企業2120','03-0001-2120',345,NULL,'備考データ2120','2019-10-12 19:50:01','2019-10-12 19:50:01',NULL),(225,'212100','企業2121','03-0001-2121',543,NULL,'備考データ2121','2019-10-12 19:50:01','2019-10-12 19:50:01',NULL),(226,'212200','企業2122','03-0001-2122',47,NULL,'備考データ2122','2019-10-12 19:50:01','2019-11-23 20:17:51',NULL),(227,'212300','企業2123','03-0001-2123',333,NULL,'備考データ2123','2019-10-12 19:50:01','2019-10-12 19:50:01',NULL),(228,'212400','企業2124','03-0001-2124',402,NULL,'備考データ2124','2019-10-12 19:50:01','2019-10-12 19:50:01',NULL),(229,'212500','企業2125','03-0001-2125',93,NULL,'備考データ2125','2019-10-12 19:50:01','2019-10-12 19:50:01',NULL),(230,'212600','企業2126','03-0001-2126',465,NULL,'備考データ2126','2019-10-12 19:50:01','2019-10-12 19:50:01',NULL),(231,'212700','企業2127','03-0001-2127',321,NULL,'備考データ2127','2019-10-12 19:50:01','2019-10-12 19:50:01',NULL),(232,'212800','企業2128','03-0001-2128',219,NULL,'備考データ2128','2019-10-12 19:50:01','2019-10-12 19:50:01',NULL),(233,'212900','企業2129','03-0001-2129',54,NULL,'備考データ2129','2019-10-12 19:50:01','2019-10-12 19:50:01',NULL),(234,'213000','企業2130','03-0001-2130',456,NULL,'備考データ2130','2019-10-12 19:50:01','2019-10-12 19:50:01',NULL),(235,'213100','企業2131','03-0001-2131',561,NULL,'備考データ2131','2019-10-12 19:50:01','2019-10-12 19:50:01',NULL),(236,'213200','企業2132','03-0001-2132',471,NULL,'備考データ2132','2019-10-12 19:50:01','2019-10-12 19:50:01',NULL),(237,'213300','企業2133','03-0001-2133',375,NULL,'備考データ2133','2019-10-12 19:50:01','2019-10-12 19:50:01',NULL),(238,'213400','企業2134','03-0001-2134',549,NULL,'備考データ2134','2019-10-12 19:50:01','2019-10-12 19:50:01',NULL),(239,'213500','企業2135','03-0001-2135',390,NULL,'備考データ2135','2019-10-12 19:50:01','2019-10-12 19:50:01',NULL),(240,'213600','企業2136','03-0001-2136',171,NULL,'備考データ2136','2019-10-12 19:50:01','2019-10-12 19:50:01',NULL),(241,'213700','企業2137','03-0001-2137',390,NULL,'備考データ2137','2019-10-12 19:50:01','2019-10-12 19:50:01',NULL),(242,'213800','企業2138','03-0001-2138',417,NULL,'備考データ2138','2019-10-12 19:50:01','2019-10-12 19:50:01',NULL),(243,'213900','企業2139','03-0001-2139',372,NULL,'備考データ2139','2019-10-12 19:50:01','2019-10-12 19:50:01',NULL),(244,'214000','企業2140','03-0001-2140',66,NULL,'備考データ2140','2019-10-12 19:50:01','2019-10-12 19:50:01',NULL),(245,'214100','企業2141','03-0001-2141',582,NULL,'備考データ2141','2019-10-12 19:50:01','2019-10-12 19:50:01',NULL),(246,'214200','企業2142','03-0001-2142',41,NULL,'備考データ2142','2019-10-12 19:50:01','2019-11-23 20:17:51',NULL),(247,'214300','企業2143','03-0001-2143',171,NULL,'備考データ2143','2019-10-12 19:50:01','2019-10-12 19:50:01',NULL),(248,'214400','企業2144','03-0001-2144',258,NULL,'備考データ2144','2019-10-12 19:50:01','2019-10-12 19:50:01',NULL),(249,'214500','企業2145','03-0001-2145',26,NULL,'備考データ2145','2019-10-12 19:50:01','2019-11-23 20:17:51',NULL),(250,'214600','企業2146','03-0001-2146',90,NULL,'備考データ2146','2019-10-12 19:50:01','2019-10-12 19:50:01',NULL),(251,'214700','企業2147','03-0001-2147',468,NULL,'備考データ2147','2019-10-12 19:50:01','2019-10-12 19:50:01',NULL),(252,'214800','企業2148','03-0001-2148',423,NULL,'備考データ2148','2019-10-12 19:50:01','2019-10-12 19:50:01',NULL),(253,'214900','企業2149','03-0001-2149',420,NULL,'備考データ2149','2019-10-12 19:50:01','2019-10-12 19:50:01',NULL),(254,'215000','企業2150','03-0001-2150',132,NULL,'備考データ2150','2019-10-12 19:50:01','2019-10-12 19:50:01',NULL),(255,'215100','企業2151','03-0001-2151',78,NULL,'備考データ2151','2019-10-12 19:50:01','2019-10-12 19:50:01',NULL),(256,'215200','企業2152','03-0001-2152',346,NULL,'備考データ2152','2019-10-12 19:50:01','2019-11-28 23:34:40',NULL),(259,'215500','企業2155','03-0001-2155',15,'2019-11-28','備考データ2155nn','2019-10-12 19:50:01','2019-11-28 23:45:03',NULL),(260,'215600','企業2156','03-0001-2156',12,'2019-11-29','備考データ2156/**/-+','2019-10-12 19:50:01','2019-11-29 14:43:40',NULL),(261,'215700','企業2157','03-0001-2157',333,NULL,'備考データ2157','2019-10-12 19:50:01','2019-10-12 19:50:01',NULL),(262,'215800','企業2158','03-0001-2158',9,NULL,'備考データ2158','2019-10-12 19:50:01','2019-11-23 13:48:51','2019-11-23 01:48:51'),(263,'215900','企業2159','03-0001-2159',114,NULL,'備考データ2159','2019-10-12 19:50:01','2019-10-12 19:50:01',NULL),(264,'216000','企業2160','03-0001-2160',282,NULL,'備考データ2160','2019-10-12 19:50:01','2019-10-12 19:50:01',NULL),(265,'216100','企業2161','03-0001-2161',519,NULL,'備考データ2161','2019-10-12 19:50:01','2019-10-12 19:50:01',NULL),(266,'216200','企業2162','03-0001-2162',303,NULL,'備考データ2162','2019-10-12 19:50:01','2019-10-12 19:50:01',NULL),(267,'216300','企業2163','03-0001-2163',567,NULL,'備考データ2163','2019-10-12 19:50:01','2019-10-12 19:50:01',NULL),(268,'216400','企業2164','03-0001-2164',348,NULL,'備考データ2164','2019-10-12 19:50:01','2019-10-12 19:50:01',NULL),(269,'216500','企業2165','03-0001-2165',462,NULL,'備考データ2165','2019-10-12 19:50:01','2019-10-12 19:50:01',NULL),(270,'216600','企業2166','03-0001-2166',498,NULL,'備考データ2166','2019-10-12 19:50:01','2019-10-12 19:50:01',NULL),(271,'216700','企業2167','03-0001-2167',177,NULL,'備考データ2167','2019-10-12 19:50:01','2019-10-12 19:50:01',NULL),(272,'216800','企業2168','03-0001-2168',585,NULL,'備考データ2168','2019-10-12 19:50:01','2019-10-12 19:50:01',NULL),(273,'216900','企業2169','03-0001-2169',99,NULL,'備考データ2169','2019-10-12 19:50:01','2019-10-12 19:50:01',NULL),(274,'217000','企業2170','03-0001-2170',510,NULL,'備考データ2170','2019-10-12 19:50:01','2019-10-12 19:50:01',NULL),(275,'217100','企業2171','03-0001-2171',306,NULL,'備考データ2171','2019-10-12 19:50:01','2019-10-12 19:50:01',NULL),(276,'217200','企業2172','03-0001-2172',510,NULL,'備考データ2172','2019-10-12 19:50:01','2019-10-12 19:50:01',NULL),(277,'217300','企業2173','03-0001-2173',456,NULL,'備考データ2173','2019-10-12 19:50:01','2019-10-12 19:50:01',NULL),(278,'217400','企業2174','03-0001-2174',264,NULL,'備考データ2174','2019-10-12 19:50:01','2019-10-12 19:50:01',NULL),(279,'217500','企業2175','03-0001-2175',102,NULL,'備考データ2175','2019-10-12 19:50:01','2019-10-12 19:50:01',NULL),(280,'217600','企業2176','03-0001-2176',432,NULL,'備考データ2176','2019-10-12 19:50:01','2019-10-12 19:50:01',NULL),(281,'217700','企業2177','03-0001-2177',309,NULL,'備考データ2177','2019-10-12 19:50:01','2019-10-12 19:50:01',NULL),(282,'217800','企業2178','03-0001-2178',162,NULL,'備考データ2178','2019-10-12 19:50:01','2019-10-12 19:50:01',NULL),(283,'217900','企業2179','03-0001-2179',321,NULL,'備考データ2179','2019-10-12 19:50:01','2019-10-12 19:50:01',NULL),(284,'218000','企業2180','03-0001-2180',288,NULL,'備考データ2180','2019-10-12 19:50:01','2019-10-12 19:50:01',NULL),(285,'218100','企業2181','03-0001-2181',567,NULL,'備考データ2181','2019-10-12 19:50:01','2019-10-12 19:50:01',NULL),(286,'218200','企業2182','03-0001-2182',315,NULL,'備考データ2182','2019-10-12 19:50:01','2019-10-12 19:50:01',NULL),(287,'218300','企業2183','03-0001-2183',282,NULL,'備考データ2183','2019-10-12 19:50:01','2019-10-12 19:50:01',NULL),(288,'218400','企業2184','03-0001-2184',99,NULL,'備考データ2184 nnn','2019-10-12 19:50:01','2019-10-12 19:50:01',NULL),(289,'218500','企業2185','03-0001-2185',12,NULL,'備考データ2185','2019-10-12 19:50:01','2019-10-12 19:50:01',NULL),(290,'218600','企業2186','03-0001-2186',291,NULL,'備考データ2186','2019-10-12 19:50:01','2019-10-12 19:50:01',NULL),(291,'218700','企業2187','03-0001-2187',360,NULL,'備考データ2187','2019-10-12 19:50:01','2019-10-12 19:50:01',NULL),(292,'218800','企業2188','03-0001-2188',93,NULL,'備考データ2188','2019-10-12 19:50:01','2019-10-12 19:50:01',NULL),(293,'218900','企業2189','03-0001-2189',312,NULL,'備考データ2189','2019-10-12 19:50:01','2019-10-12 19:50:01',NULL),(294,'219000','企業2190','03-0001-2190',138,NULL,'備考データ2190','2019-10-12 19:50:01','2019-10-12 19:50:01',NULL),(295,'219100','企業2191','03-0001-2191',552,NULL,'備考データ2191','2019-10-12 19:50:01','2019-10-12 19:50:01',NULL),(296,'219200','企業2192','03-0001-2192',258,NULL,'備考データ2192','2019-10-12 19:50:01','2019-10-12 19:50:01',NULL),(297,'219300','企業2193','03-0001-2193',561,NULL,'備考データ2193','2019-10-12 19:50:01','2019-10-12 19:50:01',NULL),(298,'219400','企業2194','03-0001-2194',16,'2019-11-29','備考データ2194','2019-10-12 19:50:01','2019-11-29 14:44:46',NULL),(299,'219500','企業2195','03-0001-2195',378,NULL,'備考データ2195','2019-10-12 19:50:01','2019-10-12 19:50:01',NULL),(300,'219600','企業2196','03-0001-2196',288,NULL,'備考データ2196','2019-10-12 19:50:01','2019-10-12 19:50:01',NULL),(301,'219700','企業2197','03-0001-2197',195,NULL,'備考データ2197','2019-10-12 19:50:01','2019-10-12 19:50:01',NULL),(302,'219800','企業2198','03-0001-2198',369,NULL,'備考データ2198','2019-10-12 19:50:01','2019-10-12 19:50:01',NULL),(303,'219900','企業2199','03-0001-2199',273,NULL,'備考データ2199','2019-10-12 19:50:01','2019-10-12 19:50:01',NULL),(304,'220000','企業2200','03-0001-2200',108,NULL,'備考データ2200','2019-10-12 19:50:01','2019-10-12 19:50:01',NULL),(305,'220100','企業2201','03-0001-2201',147,NULL,'備考データ2201','2019-10-12 19:50:01','2019-10-12 19:50:01',NULL),(306,'220200','企業2202','03-0001-2202',519,NULL,'備考データ2202','2019-10-12 19:50:01','2019-10-12 19:50:01',NULL),(307,'220300','企業2203','03-0001-2203',57,NULL,'備考データ2203','2019-10-12 19:50:01','2019-10-12 19:50:01',NULL),(308,'220400','企業2204','03-0001-2204',57,NULL,'備考データ2204','2019-10-12 19:50:01','2019-10-12 19:50:01',NULL),(309,'220500','企業2205','03-0001-2205',213,NULL,'備考データ2205','2019-10-12 19:50:01','2019-10-12 19:50:01',NULL),(310,'220600','企業2206','03-0001-2206',426,NULL,'備考データ2206','2019-10-12 19:50:01','2019-10-12 19:50:01',NULL),(311,'220700','企業2207','03-0001-2207',11,'2019-02-01','備考データ2207','2019-10-12 19:50:01','2019-11-29 14:46:38',NULL),(312,'220800','企業2208','03-0001-2208',465,NULL,'備考データ2208','2019-10-12 19:50:01','2019-10-12 19:50:01',NULL),(313,'220900','企業2209','03-0001-2209',537,NULL,'備考データ2209','2019-10-12 19:50:01','2019-10-12 19:50:01',NULL),(314,'221000','企業2210','03-0001-2210',12,NULL,'備考データ2210','2019-10-12 19:50:01','2019-11-23 13:07:41','2019-11-23 01:07:41'),(315,'221100','企業2211','03-0001-2211',126,NULL,'備考データ2211','2019-10-12 19:50:01','2019-10-12 19:50:01',NULL),(316,'221200','企業2212','03-0001-2212',414,NULL,'備考データ2212','2019-10-12 19:50:01','2019-10-12 19:50:01',NULL),(317,'221300','企業2213','03-0001-2213',294,NULL,'備考データ2213','2019-10-12 19:50:01','2019-10-12 19:50:01',NULL),(318,'221400','企業2214','03-0001-2214',47,NULL,'備考データ2214','2019-10-12 19:50:01','2019-11-23 20:17:51',NULL),(319,'221500','企業2215','03-0001-2215',387,NULL,'備考データ2215','2019-10-12 19:50:01','2019-10-12 19:50:01',NULL),(320,'221600','企業2216','03-0001-2216',459,NULL,'備考データ2216','2019-10-12 19:50:01','2019-10-12 19:50:01',NULL),(321,'221700','企業2217','03-0001-2217',264,NULL,'備考データ2217','2019-10-12 19:50:01','2019-10-12 19:50:01',NULL),(322,'221800','企業2218','03-0001-2218',417,NULL,'備考データ2218','2019-10-12 19:50:01','2019-10-12 19:50:01',NULL),(323,'221900','企業2219','03-0001-2219',168,NULL,'備考データ2219','2019-10-12 19:50:01','2019-10-12 19:50:01',NULL),(324,'222000','企業2220','03-0001-2220',114,NULL,'備考データ2220','2019-10-12 19:50:01','2019-10-12 19:50:01',NULL),(325,'222100','企業2221','03-0001-2221',531,NULL,'備考データ2221','2019-10-12 19:50:01','2019-10-12 19:50:01',NULL),(326,'222200','企業2222','03-0001-2222',315,NULL,'備考データ2222','2019-10-12 19:50:01','2019-10-12 19:50:01',NULL),(327,'222300','企業2223','03-0001-2223',9,NULL,'備考データ2223','2019-10-12 19:50:01','2019-10-12 19:50:01',NULL),(328,'222400','企業2224','03-0001-2224',537,NULL,'備考データ2224','2019-10-12 19:50:01','2019-10-12 19:50:01',NULL),(329,'222500','企業2225','03-0001-2225',462,NULL,'備考データ2225','2019-10-12 19:50:01','2019-10-12 19:50:01',NULL),(330,'222600','企業2226','03-0001-2226',63,NULL,'備考データ2226','2019-10-12 19:50:01','2019-10-12 19:50:01',NULL),(331,'222700','企業2227','03-0001-2227',528,NULL,'備考データ2227','2019-10-12 19:50:01','2019-10-12 19:50:01',NULL),(332,'222800','企業2228','03-0001-2228',357,NULL,'備考データ2228','2019-10-12 19:50:01','2019-10-12 19:50:01',NULL),(333,'222900','企業2229','03-0001-2229',333,NULL,'備考データ2229','2019-10-12 19:50:01','2019-10-12 19:50:01',NULL),(334,'223000','企業2230','03-0001-2230',507,NULL,'備考データ2230','2019-10-12 19:50:01','2019-10-12 19:50:01',NULL),(335,'223100','企業2231','03-0001-2231',213,NULL,'備考データ2231','2019-10-12 19:50:01','2019-10-12 19:50:01',NULL),(336,'223200','企業2232','03-0001-2232',399,NULL,'備考データ2232','2019-10-12 19:50:01','2019-10-12 19:50:01',NULL),(337,'223300','企業2233','03-0001-2233',537,NULL,'備考データ2233','2019-10-12 19:50:01','2019-10-12 19:50:01',NULL),(338,'223400','企業2234','03-0001-2234',78,NULL,'備考データ2234','2019-10-12 19:50:01','2019-10-12 19:50:01',NULL),(339,'223500','企業2235','03-0001-2235',579,NULL,'備考データ2235','2019-10-12 19:50:01','2019-10-12 19:50:01',NULL),(340,'223600','企業2236','03-0001-2236',189,NULL,'備考データ2236','2019-10-12 19:50:01','2019-10-12 19:50:01',NULL),(341,'223700','企業2237','03-0001-2237',294,NULL,'備考データ2237','2019-10-12 19:50:01','2019-10-12 19:50:01',NULL),(342,'223800','企業2238','03-0001-2238',291,NULL,'備考データ2238','2019-10-12 19:50:01','2019-10-12 19:50:01',NULL),(343,'223900','企業2239','03-0001-2239',342,NULL,'備考データ2239','2019-10-12 19:50:01','2019-10-12 19:50:01',NULL),(344,'224000','企業2240','03-0001-2240',213,NULL,'備考データ2240','2019-10-12 19:50:01','2019-10-12 19:50:01',NULL),(345,'224100','企業2241','03-0001-2241',306,NULL,'備考データ2241','2019-10-12 19:50:01','2019-10-12 19:50:01',NULL),(346,'224200','企業2242','03-0001-2242',597,NULL,'備考データ2242','2019-10-12 19:50:01','2019-10-12 19:50:01',NULL),(347,'224300','企業2243','03-0001-2243',345,NULL,'備考データ2243','2019-10-12 19:50:01','2019-10-12 19:50:01',NULL),(348,'224400','企業2244','03-0001-2244',576,NULL,'備考データ2244','2019-10-12 19:50:01','2019-10-12 19:50:01',NULL),(349,'224500','企業2245','03-0001-2245',450,NULL,'備考データ2245','2019-10-12 19:50:01','2019-10-12 19:50:01',NULL),(350,'224600','企業2246','03-0001-2246',576,NULL,'備考データ2246','2019-10-12 19:50:01','2019-10-12 19:50:01',NULL),(351,'224700','企業2247','03-0001-2247',591,NULL,'備考データ2247','2019-10-12 19:50:01','2019-10-12 19:50:01',NULL),(352,'224800','企業2248','03-0001-2248',531,NULL,'備考データ2248','2019-10-12 19:50:01','2019-10-12 19:50:01',NULL),(353,'224900','企業2249','03-0001-2249',180,NULL,'備考データ2249','2019-10-12 19:50:01','2019-10-12 19:50:01',NULL),(354,'225000','企業2250','03-0001-2250',591,NULL,'備考データ2250','2019-10-12 19:50:01','2019-10-12 19:50:01',NULL),(355,'225100','企業2251','03-0001-2251',408,NULL,'備考データ2251','2019-10-12 19:50:01','2019-10-12 19:50:01',NULL),(356,'225200','企業2252','03-0001-2252',330,NULL,'備考データ2252','2019-10-12 19:50:01','2019-10-12 19:50:01',NULL),(357,'225300','企業2253','03-0001-2253',180,NULL,'備考データ2253','2019-10-12 19:50:01','2019-10-12 19:50:01',NULL),(358,'225400','企業2254','03-0001-2254',528,NULL,'備考データ2254','2019-10-12 19:50:01','2019-10-12 19:50:01',NULL),(359,'225500','企業2255','03-0001-2255',63,NULL,'備考データ2255','2019-10-12 19:50:01','2019-10-12 19:50:01',NULL),(360,'225600','企業2256','03-0001-2256',252,NULL,'備考データ2256','2019-10-12 19:50:01','2019-10-12 19:50:01',NULL),(361,'225700','企業2257','03-0001-2257',300,NULL,'備考データ2257','2019-10-12 19:50:01','2019-10-12 19:50:01',NULL),(362,'225800','企業2258','03-0001-2258',210,NULL,'備考データ2258','2019-10-12 19:50:01','2019-10-12 19:50:01',NULL),(363,'225900','企業2259','03-0001-2259',339,NULL,'備考データ2259','2019-10-12 19:50:01','2019-10-12 19:50:01',NULL),(364,'226000','企業2260','03-0001-2260',288,NULL,'備考データ2260','2019-10-12 19:50:01','2019-10-12 19:50:01',NULL),(365,'226100','企業2261','03-0001-2261',75,NULL,'備考データ2261','2019-10-12 19:50:01','2019-10-12 19:50:01',NULL),(366,'226200','企業2262','03-0001-2262',309,NULL,'備考データ2262','2019-10-12 19:50:01','2019-10-12 19:50:01',NULL),(367,'226300','企業2263','03-0001-2263',216,NULL,'備考データ2263','2019-10-12 19:50:01','2019-10-12 19:50:01',NULL),(368,'226400','企業2264','03-0001-2264',348,NULL,'備考データ2264','2019-10-12 19:50:01','2019-10-12 19:50:01',NULL),(369,'226500','企業2265','03-0001-2265',309,NULL,'備考データ2265','2019-10-12 19:50:01','2019-10-12 19:50:01',NULL),(370,'226600','企業2266','03-0001-2266',177,NULL,'備考データ2266','2019-10-12 19:50:01','2019-10-12 19:50:01',NULL),(371,'226700','企業2267','03-0001-2267',210,NULL,'備考データ2267','2019-10-12 19:50:01','2019-10-12 19:50:01',NULL),(372,'226800','企業2268','03-0001-2268',270,NULL,'備考データ2268','2019-10-12 19:50:01','2019-10-12 19:50:01',NULL),(373,'226900','企業2269','03-0001-2269',60,NULL,'備考データ2269','2019-10-12 19:50:01','2019-10-12 19:50:01',NULL),(374,'227000','企業2270','03-0001-2270',342,NULL,'備考データ2270','2019-10-12 19:50:01','2019-10-12 19:50:01',NULL),(375,'227100','企業2271','03-0001-2271',507,NULL,'備考データ2271','2019-10-12 19:50:01','2019-10-12 19:50:01',NULL),(376,'227200','企業2272','03-0001-2272',273,NULL,'備考データ2272','2019-10-12 19:50:01','2019-10-12 19:50:01',NULL),(377,'227300','企業2273','03-0001-2273',591,NULL,'備考データ2273','2019-10-12 19:50:01','2019-10-12 19:50:01',NULL),(378,'227400','企業2274','03-0001-2274',450,NULL,'備考データ2274','2019-10-12 19:50:01','2019-10-12 19:50:01',NULL),(379,'227500','企業2275','03-0001-2275',297,NULL,'備考データ2275','2019-10-12 19:50:01','2019-10-12 19:50:01',NULL),(380,'227600','企業2276','03-0001-2276',471,NULL,'備考データ2276','2019-10-12 19:50:01','2019-10-12 19:50:01',NULL),(381,'227700','企業2277','03-0001-2277',54,NULL,'備考データ2277','2019-10-12 19:50:01','2019-10-12 19:50:01',NULL),(382,'227800','企業2278','03-0001-2278',156,NULL,'備考データ2278','2019-10-12 19:50:01','2019-10-12 19:50:01',NULL),(383,'227900','企業2279','03-0001-2279',519,NULL,'備考データ2279','2019-10-12 19:50:01','2019-10-12 19:50:01',NULL),(384,'228000','企業2280','03-0001-2280',531,NULL,'備考データ2280','2019-10-12 19:50:01','2019-10-12 19:50:01',NULL),(385,'228100','企業2281','03-0001-2281',558,NULL,'備考データ2281','2019-10-12 19:50:01','2019-10-12 19:50:01',NULL),(386,'228200','企業2282','03-0001-2282',192,NULL,'備考データ2282','2019-10-12 19:50:01','2019-10-12 19:50:01',NULL),(387,'228300','企業2283','03-0001-2283',315,NULL,'備考データ2283','2019-10-12 19:50:01','2019-10-12 19:50:01',NULL),(388,'228400','企業2284','03-0001-2284',129,NULL,'備考データ2284','2019-10-12 19:50:01','2019-10-12 19:50:01',NULL),(389,'228500','企業2285','03-0001-2285',330,NULL,'備考データ2285','2019-10-12 19:50:01','2019-10-12 19:50:01',NULL),(390,'228600','企業2286','03-0001-2286',72,NULL,'備考データ2286','2019-10-12 19:50:01','2019-10-12 19:50:01',NULL),(391,'228700','企業2287','03-0001-2287',591,NULL,'備考データ2287','2019-10-12 19:50:01','2019-10-12 19:50:01',NULL),(392,'228800','企業2288','03-0001-2288',267,NULL,'備考データ2288','2019-10-12 19:50:01','2019-10-12 19:50:01',NULL),(393,'228900','企業2289','03-0001-2289',126,NULL,'備考データ2289','2019-10-12 19:50:01','2019-10-12 19:50:01',NULL),(394,'229000','企業2290','03-0001-2290',555,NULL,'備考データ2290','2019-10-12 19:50:01','2019-10-12 19:50:01',NULL),(395,'229100','企業2291','03-0001-2291',498,NULL,'備考データ2291','2019-10-12 19:50:01','2019-10-12 19:50:01',NULL),(396,'229200','企業2292','03-0001-2292',582,NULL,'備考データ2292','2019-10-12 19:50:01','2019-10-12 19:50:01',NULL),(397,'229300','企業2293','03-0001-2293',348,NULL,'備考データ2293','2019-10-12 19:50:01','2019-10-12 19:50:01',NULL),(398,'229400','企業2294','03-0001-2294',216,NULL,'備考データ2294','2019-10-12 19:50:01','2019-10-12 19:50:01',NULL),(399,'229500','企業2295','03-0001-2295',456,NULL,'備考データ2295','2019-10-12 19:50:01','2019-10-12 19:50:01',NULL),(400,'229600','企業2296','03-0001-2296',44,NULL,'備考データ2296','2019-10-12 19:50:01','2019-11-23 20:17:51',NULL),(401,'229700','企業2297','03-0001-2297',162,NULL,'備考データ2297','2019-10-12 19:50:01','2019-10-12 19:50:01',NULL),(402,'229800','企業2298','03-0001-2298',564,NULL,'備考データ2298','2019-10-12 19:50:01','2019-10-12 19:50:01',NULL),(403,'229900','企業2299','03-0001-2299',90,NULL,'備考データ2299','2019-10-12 19:50:01','2019-10-12 19:50:01',NULL),(404,'230000','企業2300','03-0001-2300',105,NULL,'備考データ2300','2019-10-12 19:50:01','2019-10-12 19:50:01',NULL),(405,'230100','企業2301','03-0001-2301',264,NULL,'備考データ2301','2019-10-12 19:50:01','2019-10-12 19:50:01',NULL),(406,'230200','企業2302','03-0001-2302',516,NULL,'備考データ2302','2019-10-12 19:50:01','2019-10-12 19:50:01',NULL),(407,'230300','企業2303','03-0001-2303',189,NULL,'備考データ2303','2019-10-12 19:50:01','2019-10-12 19:50:01',NULL),(408,'230400','企業2304','03-0001-2304',54,NULL,'備考データ2304','2019-10-12 19:50:01','2019-10-12 19:50:01',NULL),(409,'230500','企業2305','03-0001-2305',420,NULL,'備考データ2305','2019-10-12 19:50:01','2019-10-12 19:50:01',NULL),(410,'230600','企業2306','03-0001-2306',360,NULL,'備考データ2306','2019-10-12 19:50:01','2019-10-12 19:50:01',NULL),(411,'230700','企業2307','03-0001-2307',69,NULL,'備考データ2307','2019-10-12 19:50:01','2019-10-12 19:50:01',NULL),(412,'230800','企業2308','03-0001-2308',555,NULL,'備考データ2308','2019-10-12 19:50:01','2019-10-12 19:50:01',NULL),(413,'230900','企業2309','03-0001-2309',102,NULL,'備考データ2309','2019-10-12 19:50:01','2019-10-12 19:50:01',NULL),(414,'231000','企業2310','03-0001-2310',441,NULL,'備考データ2310','2019-10-12 19:50:01','2019-10-12 19:50:01',NULL),(415,'231100','企業2311','03-0001-2311',528,NULL,'備考データ2311','2019-10-12 19:50:01','2019-10-12 19:50:01',NULL),(416,'231200','企業2312','03-0001-2312',138,NULL,'備考データ2312','2019-10-12 19:50:01','2019-10-12 19:50:01',NULL),(417,'231300','企業2313','03-0001-2313',474,NULL,'備考データ2313','2019-10-12 19:50:01','2019-10-12 19:50:01',NULL),(418,'231400','企業2314','03-0001-2314',35,NULL,'備考データ2314','2019-10-12 19:50:01','2019-11-23 20:17:51',NULL),(419,'231500','企業2315','03-0001-2315',480,NULL,'備考データ2315','2019-10-12 19:50:01','2019-10-12 19:50:01',NULL),(420,'231600','企業2316','03-0001-2316',96,NULL,'備考データ2316','2019-10-12 19:50:01','2019-11-28 00:02:06','2019-11-28 12:02:06'),(421,'231700','企業2317','03-0001-2317',495,NULL,'備考データ2317','2019-10-12 19:50:01','2019-10-12 19:50:01',NULL),(422,'231800','企業2318','03-0001-2318',573,NULL,'備考データ2318','2019-10-12 19:50:01','2019-10-12 19:50:01',NULL),(423,'231900','企業2319','03-0001-2319',138,NULL,'備考データ2319','2019-10-12 19:50:01','2019-10-12 19:50:01',NULL),(424,'232000','企業2320','03-0001-2320',519,NULL,'備考データ2320','2019-10-12 19:50:01','2019-10-12 19:50:01',NULL),(425,'232100','企業2321','03-0001-2321',210,NULL,'備考データ2321','2019-10-12 19:50:01','2019-10-12 19:50:01',NULL),(426,'232200','企業2322','03-0001-2322',54,NULL,'備考データ2322','2019-10-12 19:50:01','2019-10-12 19:50:01',NULL),(427,'232300','企業2323','03-0001-2323',309,NULL,'備考データ2323','2019-10-12 19:50:01','2019-10-12 19:50:01',NULL),(428,'232400','企業2324','03-0001-2324',315,NULL,'備考データ2324','2019-10-12 19:50:01','2019-10-12 19:50:01',NULL),(429,'232500','企業2325','03-0001-2325',372,NULL,'備考データ2325','2019-10-12 19:50:01','2019-10-12 19:50:01',NULL),(430,'232600','企業2326','03-0001-2326',294,NULL,'備考データ2326','2019-10-12 19:50:01','2019-10-12 19:50:01',NULL),(431,'232700','企業2327','03-0001-2327',180,NULL,'備考データ2327','2019-10-12 19:50:01','2019-10-12 19:50:01',NULL),(432,'232800','企業2328','03-0001-2328',270,NULL,'備考データ2328','2019-10-12 19:50:01','2019-10-12 19:50:01',NULL),(433,'232900','企業2329','03-0001-2329',537,NULL,'備考データ2329','2019-10-12 19:50:01','2019-10-12 19:50:01',NULL),(434,'233000','企業2330','03-0001-2330',567,NULL,'備考データ2330','2019-10-12 19:50:01','2019-10-12 19:50:01',NULL),(435,'233100','企業2331','03-0001-2331',63,NULL,'備考データ2331','2019-10-12 19:50:01','2019-10-12 19:50:01',NULL),(436,'233200','企業2332','03-0001-2332',240,NULL,'備考データ2332','2019-10-12 19:50:01','2019-10-12 19:50:01',NULL),(437,'233300','企業2333','03-0001-2333',477,NULL,'備考データ2333','2019-10-12 19:50:01','2019-10-12 19:50:01',NULL),(438,'233400','企業2334','03-0001-2334',345,NULL,'備考データ2334','2019-10-12 19:50:01','2019-10-12 19:50:01',NULL),(439,'233500','企業2335','03-0001-2335',597,NULL,'備考データ2335','2019-10-12 19:50:01','2019-10-12 19:50:01',NULL),(440,'233600','企業2336','03-0001-2336',270,NULL,'備考データ2336','2019-10-12 19:50:01','2019-10-12 19:50:01',NULL),(441,'233700','企業2337','03-0001-2337',165,NULL,'備考データ2337','2019-10-12 19:50:01','2019-10-12 19:50:01',NULL),(442,'233800','企業2338','03-0001-2338',41,NULL,'備考データ2338','2019-10-12 19:50:01','2019-11-23 20:17:51',NULL),(443,'233900','企業2339','03-0001-2339',141,NULL,'備考データ2339','2019-10-12 19:50:01','2019-10-12 19:50:01',NULL),(444,'234000','企業2340','03-0001-2340',504,NULL,'備考データ2340','2019-10-12 19:50:01','2019-10-12 19:50:01',NULL),(445,'234100','企業2341','03-0001-2341',483,NULL,'備考データ2341','2019-10-12 19:50:01','2019-10-12 19:50:01',NULL),(446,'234200','企業2342','03-0001-2342',444,NULL,'備考データ2342','2019-10-12 19:50:01','2019-10-12 19:50:01',NULL),(447,'234300','企業2343','03-0001-2343',309,NULL,'備考データ2343','2019-10-12 19:50:01','2019-10-12 19:50:01',NULL),(448,'234400','企業2344','03-0001-2344',531,NULL,'備考データ2344','2019-10-12 19:50:01','2019-10-12 19:50:01',NULL),(449,'234500','企業2345','03-0001-2345',360,NULL,'備考データ2345','2019-10-12 19:50:01','2019-10-12 19:50:01',NULL),(450,'234600','企業2346','03-0001-2346',135,NULL,'備考データ2346','2019-10-12 19:50:01','2019-10-12 19:50:01',NULL),(451,'234700','企業2347','03-0001-2347',222,NULL,'備考データ2347','2019-10-12 19:50:01','2019-10-12 19:50:01',NULL),(452,'234800','企業2348','03-0001-2348',510,NULL,'備考データ2348','2019-10-12 19:50:01','2019-10-12 19:50:01',NULL),(453,'234900','企業2349','03-0001-2349',573,NULL,'備考データ2349','2019-10-12 19:50:01','2019-10-12 19:50:01',NULL),(454,'235000','企業2350','03-0001-2350',504,NULL,'備考データ2350','2019-10-12 19:50:01','2019-10-12 19:50:01',NULL),(455,'235100','企業2351','03-0001-2351',69,NULL,'備考データ2351','2019-10-12 19:50:01','2019-10-12 19:50:01',NULL),(456,'235200','企業2352','03-0001-2352',387,NULL,'備考データ2352','2019-10-12 19:50:01','2019-10-12 19:50:01',NULL),(457,'235300','企業2353','03-0001-2353',201,NULL,'備考データ2353','2019-10-12 19:50:01','2019-10-12 19:50:01',NULL),(458,'235400','企業2354','03-0001-2354',426,NULL,'備考データ2354','2019-10-12 19:50:01','2019-10-12 19:50:01',NULL),(459,'235500','企業2355','03-0001-2355',189,NULL,'備考データ2355','2019-10-12 19:50:01','2019-10-12 19:50:01',NULL),(460,'235600','企業2356','03-0001-2356',462,NULL,'備考データ2356','2019-10-12 19:50:01','2019-10-12 19:50:01',NULL),(461,'235700','企業2357','03-0001-2357',360,NULL,'備考データ2357','2019-10-12 19:50:01','2019-10-12 19:50:01',NULL),(462,'235800','企業2358','03-0001-2358',156,NULL,'備考データ2358','2019-10-12 19:50:01','2019-10-12 19:50:01',NULL),(463,'235900','企業2359','03-0001-2359',462,NULL,'備考データ2359','2019-10-12 19:50:01','2019-10-12 19:50:01',NULL),(464,'236000','企業2360','03-0001-2360',273,NULL,'備考データ2360','2019-10-12 19:50:01','2019-10-12 19:50:01',NULL),(465,'236100','企業2361','03-0001-2361',96,NULL,'備考データ2361','2019-10-12 19:50:01','2019-10-12 19:50:01',NULL),(466,'236200','企業2362','03-0001-2362',69,NULL,'備考データ2362','2019-10-12 19:50:01','2019-10-12 19:50:01',NULL),(467,'236300','企業2363','03-0001-2363',180,NULL,'備考データ2363','2019-10-12 19:50:01','2019-10-12 19:50:01',NULL),(468,'236400','企業2364','03-0001-2364',543,NULL,'備考データ2364','2019-10-12 19:50:01','2019-10-12 19:50:01',NULL),(469,'236500','企業2365','03-0001-2365',29,NULL,'備考データ2365','2019-10-12 19:50:01','2019-11-23 20:17:51',NULL),(470,'236600','企業2366','03-0001-2366',546,NULL,'備考データ2366','2019-10-12 19:50:01','2019-10-12 19:50:01',NULL),(471,'236700','企業2367','03-0001-2367',237,NULL,'備考データ2367','2019-10-12 19:50:01','2019-10-12 19:50:01',NULL),(472,'236800','企業2368','03-0001-2368',546,NULL,'備考データ2368','2019-10-12 19:50:01','2019-10-12 19:50:01',NULL),(473,'236900','企業2369','03-0001-2369',201,NULL,'備考データ2369','2019-10-12 19:50:01','2019-10-12 19:50:01',NULL),(474,'237000','企業2370','03-0001-2370',594,NULL,'備考データ2370','2019-10-12 19:50:01','2019-10-12 19:50:01',NULL),(475,'237100','企業2371','03-0001-2371',600,NULL,'備考データ2371','2019-10-12 19:50:01','2019-10-26 14:18:21','2019-10-26 02:18:21'),(476,'237200','企業2372','03-0001-2372',273,NULL,'備考データ2372','2019-10-12 19:50:01','2019-10-12 19:50:01',NULL),(477,'237300','企業2373','03-0001-2373',435,NULL,'備考データ2373','2019-10-12 19:50:01','2019-10-12 19:50:01',NULL),(478,'237400','企業2374','03-0001-2374',99,NULL,'備考データ2374','2019-10-12 19:50:01','2019-10-12 19:50:01',NULL),(479,'237500','企業2375','03-0001-2375',258,NULL,'備考データ2375','2019-10-12 19:50:01','2019-10-12 19:50:01',NULL),(480,'237600','企業2376','03-0001-2376',44,NULL,'備考データ2376','2019-10-12 19:50:01','2019-11-23 20:17:51',NULL),(481,'237700','企業2377','03-0001-2377',135,NULL,'備考データ2377','2019-10-12 19:50:01','2019-10-12 19:50:01',NULL),(482,'237800','企業2378','03-0001-2378',213,NULL,'備考データ2378','2019-10-12 19:50:01','2019-10-12 19:50:01',NULL),(483,'237900','企業2379','03-0001-2379',93,NULL,'備考データ2379','2019-10-12 19:50:01','2019-10-12 19:50:01',NULL),(484,'238000','企業2380','03-0001-2380',588,NULL,'備考データ2380','2019-10-12 19:50:01','2019-10-12 19:50:01',NULL),(485,'238100','企業2381','03-0001-2381',516,NULL,'備考データ2381','2019-10-12 19:50:01','2019-10-12 19:50:01',NULL),(486,'238200','企業2382','03-0001-2382',126,NULL,'備考データ2382','2019-10-12 19:50:01','2019-10-12 19:50:01',NULL),(487,'238300','企業2383','03-0001-2383',291,NULL,'備考データ2383','2019-10-12 19:50:01','2019-10-12 19:50:01',NULL),(488,'238400','企業2384','03-0001-2384',90,NULL,'備考データ2384','2019-10-12 19:50:01','2019-10-12 19:50:01',NULL),(489,'238500','企業2385','03-0001-2385',186,NULL,'備考データ2385','2019-10-12 19:50:01','2019-10-12 19:50:01',NULL),(490,'238600','企業2386','03-0001-2386',345,NULL,'備考データ2386','2019-10-12 19:50:01','2019-10-12 19:50:01',NULL),(491,'238700','企業2387','03-0001-2387',138,NULL,'備考データ2387','2019-10-12 19:50:01','2019-10-12 19:50:01',NULL),(492,'238800','企業2388','03-0001-2388',15,NULL,'備考データ2388','2019-10-12 19:50:01','2019-10-12 19:50:01',NULL),(493,'238900','企業2389','03-0001-2389',462,NULL,'備考データ2389','2019-10-12 19:50:01','2019-10-12 19:50:01',NULL),(494,'239000','企業2390','03-0001-2390',23,NULL,'備考データ2390','2019-10-12 19:50:01','2019-11-23 20:17:51',NULL),(495,'239100','企業2391','03-0001-2391',129,NULL,'備考データ2391','2019-10-12 19:50:01','2019-10-12 19:50:01',NULL),(496,'239200','企業2392','03-0001-2392',558,NULL,'備考データ2392','2019-10-12 19:50:01','2019-10-12 19:50:01',NULL),(497,'239300','企業2393','03-0001-2393',594,NULL,'備考データ2393','2019-10-12 19:50:01','2019-10-12 19:50:01',NULL),(498,'239400','企業2394','03-0001-2394',360,NULL,'備考データ2394','2019-10-12 19:50:01','2019-10-12 19:50:01',NULL),(499,'239500','企業2395','03-0001-2395',114,NULL,'備考データ2395','2019-10-12 19:50:01','2019-10-12 19:50:01',NULL),(500,'239600','企業2396','03-0001-2396',567,NULL,'備考データ2396','2019-10-12 19:50:01','2019-10-12 19:50:01',NULL),(501,'239700','企業2397','03-0001-2397',285,NULL,'備考データ2397','2019-10-12 19:50:01','2019-11-17 23:00:25','2019-11-17 11:00:25'),(502,'239800','企業2398','03-0001-2398',192,NULL,'備考データ2398','2019-10-12 19:50:01','2019-11-17 23:00:42','2019-11-17 11:00:42'),(503,'239900','企業2399','03-0001-2399',303,NULL,'備考データ2399','2019-10-12 19:50:01','2019-10-12 19:50:01',NULL),(504,'240000','企業2400','03-0001-2400',90,NULL,'備考データ2400','2019-10-12 19:50:01','2019-10-12 19:50:01',NULL),(505,'240100','企業2401','03-0001-2401',573,NULL,'備考データ2401','2019-10-12 19:50:01','2019-10-12 19:50:01',NULL),(506,'240200','企業2402','03-0001-2402',489,NULL,'備考データ2402','2019-10-12 19:50:01','2019-10-12 19:50:01',NULL),(507,'240300','企業2403','03-0001-2403',46,NULL,'備考データ2403','2019-10-12 19:50:01','2019-11-23 20:17:51',NULL),(508,'240400','企業2404','03-0001-2404',261,NULL,'備考データ2404','2019-10-12 19:50:01','2019-10-12 19:50:01',NULL),(509,'240500','企業2405','03-0001-2405',402,NULL,'備考データ2405','2019-10-12 19:50:01','2019-10-12 19:50:01',NULL),(510,'240600','企業2406','03-0001-2406',453,NULL,'備考データ2406','2019-10-12 19:50:01','2019-10-12 19:50:01',NULL),(511,'240700','企業2407','03-0001-2407',135,NULL,'備考データ2407','2019-10-12 19:50:01','2019-10-12 19:50:01',NULL),(512,'240800','企業2408','03-0001-2408',183,NULL,'備考データ2408','2019-10-12 19:50:01','2019-10-12 19:50:01',NULL),(513,'240900','企業2409','03-0001-2409',33,NULL,'備考データ2409','2019-10-12 19:50:01','2019-10-12 19:50:01',NULL),(514,'241000','企業2410','03-0001-2410',429,NULL,'備考データ2410','2019-10-12 19:50:01','2019-10-12 19:50:01',NULL),(515,'241100','企業2411','03-0001-2411',45,NULL,'備考データ2411','2019-10-12 19:50:01','2019-10-12 19:50:01',NULL),(516,'241200','企業2412','03-0001-2412',63,NULL,'備考データ2412','2019-10-12 19:50:01','2019-10-12 19:50:01',NULL),(517,'241300','企業2413','03-0001-2413',267,NULL,'備考データ2413','2019-10-12 19:50:01','2019-10-12 19:50:01',NULL),(518,'241400','企業2414','03-0001-2414',459,NULL,'備考データ2414','2019-10-12 19:50:01','2019-10-12 19:50:01',NULL),(519,'241500','企業2415','03-0001-2415',258,NULL,'備考データ2415','2019-10-12 19:50:01','2019-10-12 19:50:01',NULL),(520,'241600','企業2416','03-0001-2416',303,NULL,'備考データ2416','2019-10-12 19:50:01','2019-10-12 19:50:01',NULL),(521,'241700','企業2417','03-0001-2417',12,NULL,'備考データ2417','2019-10-12 19:50:01','2019-10-12 19:50:01',NULL),(522,'241800','企業2418','03-0001-2418',30,NULL,'備考データ2418','2019-10-12 19:50:01','2019-10-12 19:50:01',NULL),(523,'241900','企業2419','03-0001-2419',408,NULL,'備考データ2419','2019-10-12 19:50:01','2019-10-12 19:50:01',NULL),(524,'242000','企業2420','03-0001-2420',231,NULL,'備考データ2420','2019-10-12 19:50:01','2019-10-12 19:50:01',NULL),(525,'242100','企業2421','03-0001-2421',90,NULL,'備考データ2421','2019-10-12 19:50:01','2019-10-12 19:50:01',NULL),(526,'242200','企業2422','03-0001-2422',348,NULL,'備考データ2422','2019-10-12 19:50:01','2019-10-12 19:50:01',NULL),(527,'242300','企業2423','03-0001-2423',282,NULL,'備考データ2423','2019-10-12 19:50:01','2019-10-12 19:50:01',NULL),(528,'242400','企業2424','03-0001-2424',201,NULL,'備考データ2424','2019-10-12 19:50:01','2019-10-12 19:50:01',NULL),(529,'242500','企業2425','03-0001-2425',378,NULL,'備考データ2425','2019-10-12 19:50:01','2019-10-12 19:50:01',NULL),(530,'242600','企業2426','03-0001-2426',213,NULL,'備考データ2426','2019-10-12 19:50:01','2019-10-12 19:50:01',NULL),(531,'242700','企業2427','03-0001-2427',366,NULL,'備考データ2427','2019-10-12 19:50:01','2019-10-12 19:50:01',NULL),(532,'242800','企業2428','03-0001-2428',228,NULL,'備考データ2428','2019-10-12 19:50:01','2019-10-12 19:50:01',NULL),(533,'242900','企業2429','03-0001-2429',51,NULL,'備考データ2429','2019-10-12 19:50:01','2019-10-12 19:50:01',NULL),(534,'243000','企業2430','03-0001-2430',486,NULL,'備考データ2430','2019-10-12 19:50:01','2019-10-12 19:50:01',NULL),(535,'243100','企業2431','03-0001-2431',549,NULL,'備考データ2431','2019-10-12 19:50:01','2019-10-12 19:50:01',NULL),(536,'243200','企業2432','03-0001-2432',498,NULL,'備考データ2432','2019-10-12 19:50:01','2019-10-12 19:50:01',NULL),(537,'243300','企業2433','03-0001-2433',420,NULL,'備考データ2433','2019-10-12 19:50:01','2019-10-12 19:50:01',NULL),(538,'243400','企業2434','03-0001-2434',81,NULL,'備考データ2434','2019-10-12 19:50:01','2019-10-12 19:50:01',NULL),(539,'243500','企業2435','03-0001-2435',195,NULL,'備考データ2435','2019-10-12 19:50:01','2019-10-12 19:50:01',NULL),(540,'243600','企業2436','03-0001-2436',345,NULL,'備考データ2436','2019-10-12 19:50:01','2019-10-12 19:50:01',NULL),(541,'243700','企業2437','03-0001-2437',54,NULL,'備考データ2437','2019-10-12 19:50:01','2019-10-12 19:50:01',NULL),(542,'243800','企業2438','03-0001-2438',588,NULL,'備考データ2438','2019-10-12 19:50:01','2019-10-12 19:50:01',NULL),(543,'243900','企業2439','03-0001-2439',132,NULL,'備考データ2439','2019-10-12 19:50:01','2019-10-12 19:50:01',NULL),(544,'244000','企業2440','03-0001-2440',36,NULL,'備考データ2440','2019-10-12 19:50:01','2019-10-12 19:50:01',NULL),(545,'244100','企業2441','03-0001-2441',219,NULL,'備考データ2441','2019-10-12 19:50:01','2019-10-12 19:50:01',NULL),(546,'244200','企業2442','03-0001-2442',147,NULL,'備考データ2442','2019-10-12 19:50:01','2019-10-12 19:50:01',NULL),(547,'244300','企業2443','03-0001-2443',444,NULL,'備考データ2443','2019-10-12 19:50:01','2019-10-12 19:50:01',NULL),(548,'244400','企業2444','03-0001-2444',306,NULL,'備考データ2444','2019-10-12 19:50:01','2019-10-12 19:50:01',NULL),(549,'244500','企業2445','03-0001-2445',429,NULL,'備考データ2445','2019-10-12 19:50:01','2019-10-12 19:50:01',NULL),(550,'244600','企業2446','03-0001-2446',75,NULL,'備考データ2446','2019-10-12 19:50:01','2019-10-12 19:50:01',NULL),(551,'244700','企業2447','03-0001-2447',531,NULL,'備考データ2447','2019-10-12 19:50:01','2019-10-12 19:50:01',NULL),(552,'244800','企業2448','03-0001-2448',75,NULL,'備考データ2448','2019-10-12 19:50:01','2019-10-12 19:50:01',NULL),(553,'244900','企業2449','03-0001-2449',213,NULL,'備考データ2449','2019-10-12 19:50:01','2019-10-12 19:50:01',NULL),(554,'245000','企業2450','03-0001-2450',528,NULL,'備考データ2450','2019-10-12 19:50:01','2019-10-12 19:50:01',NULL),(555,'245100','企業2451','03-0001-2451',405,NULL,'備考データ2451','2019-10-12 19:50:01','2019-10-12 19:50:01',NULL),(556,'245200','企業2452','03-0001-2452',510,NULL,'備考データ2452','2019-10-12 19:50:01','2019-10-12 19:50:01',NULL),(557,'245300','企業2453','03-0001-2453',18,NULL,'備考データ2453','2019-10-12 19:50:01','2019-10-12 19:50:01',NULL),(558,'245400','企業2454','03-0001-2454',258,NULL,'備考データ2454','2019-10-12 19:50:01','2019-10-12 19:50:01',NULL),(559,'245500','企業2455','03-0001-2455',318,NULL,'備考データ2455','2019-10-12 19:50:01','2019-10-12 19:50:01',NULL),(560,'245600','企業2456','03-0001-2456',18,NULL,'備考データ2456','2019-10-12 19:50:01','2019-10-12 19:50:01',NULL),(561,'245700','企業2457','03-0001-2457',450,NULL,'備考データ2457','2019-10-12 19:50:01','2019-10-12 19:50:01',NULL),(562,'245800','企業2458','03-0001-2458',525,NULL,'備考データ2458','2019-10-12 19:50:01','2019-10-12 19:50:01',NULL),(563,'245900','企業2459','03-0001-2459',540,NULL,'備考データ2459','2019-10-12 19:50:01','2019-10-12 19:50:01',NULL),(564,'246000','企業2460','03-0001-2460',405,NULL,'備考データ2460','2019-10-12 19:50:01','2019-10-12 19:50:01',NULL),(565,'246100','企業2461','03-0001-2461',9,NULL,'備考データ2461','2019-10-12 19:50:01','2019-10-12 19:50:01',NULL),(566,'246200','企業2462','03-0001-2462',204,NULL,'備考データ2462','2019-10-12 19:50:01','2019-10-12 19:50:01',NULL),(567,'246300','企業2463','03-0001-2463',582,NULL,'備考データ2463','2019-10-12 19:50:01','2019-10-12 19:50:01',NULL),(568,'246400','企業2464','03-0001-2464',183,NULL,'備考データ2464','2019-10-12 19:50:01','2019-10-12 19:50:01',NULL),(569,'246500','企業2465','03-0001-2465',57,NULL,'備考データ2465','2019-10-12 19:50:01','2019-10-12 19:50:01',NULL),(570,'246600','企業2466','03-0001-2466',198,NULL,'備考データ2466','2019-10-12 19:50:01','2019-10-12 19:50:01',NULL),(571,'246700','企業2467','03-0001-2467',549,NULL,'備考データ2467','2019-10-12 19:50:01','2019-10-12 19:50:01',NULL),(572,'246800','企業2468','03-0001-2468',21,NULL,'備考データ2468','2019-10-12 19:50:01','2019-10-12 19:50:01',NULL),(573,'246900','企業2469','03-0001-2469',561,NULL,'備考データ2469','2019-10-12 19:50:01','2019-10-26 14:11:16','2019-10-26 02:11:16'),(574,'247000','企業2470','03-0001-2470',486,NULL,'備考データ2470','2019-10-12 19:50:01','2019-10-12 19:50:01',NULL),(575,'247100','企業2471','03-0001-2471',21,NULL,'備考データ2471','2019-10-12 19:50:01','2019-10-12 19:50:01',NULL),(576,'247200','企業2472','03-0001-2472',411,NULL,'備考データ2472','2019-10-12 19:50:01','2019-10-12 19:50:01',NULL),(577,'247300','企業2473','03-0001-2473',384,NULL,'備考データ2473','2019-10-12 19:50:01','2019-10-12 19:50:01',NULL),(578,'247400','企業2474','03-0001-2474',45,NULL,'備考データ2474','2019-10-12 19:50:01','2019-10-12 19:50:01',NULL),(579,'247500','企業2475','03-0001-2475',21,NULL,'備考データ2475','2019-10-12 19:50:01','2019-10-12 19:50:01',NULL),(580,'247600','企業2476','03-0001-2476',558,NULL,'備考データ2476','2019-10-12 19:50:01','2019-10-12 19:50:01',NULL),(581,'247700','企業2477','03-0001-2477',177,NULL,'備考データ2477','2019-10-12 19:50:01','2019-10-12 19:50:01',NULL),(582,'247800','企業2478','03-0001-2478',504,NULL,'備考データ2478','2019-10-12 19:50:01','2019-10-12 19:50:01',NULL),(583,'247900','企業2479','03-0001-2479',123,NULL,'備考データ2479','2019-10-12 19:50:01','2019-10-12 19:50:01',NULL),(584,'248000','企業2480','03-0001-2480',417,NULL,'備考データ2480','2019-10-12 19:50:01','2019-10-12 19:50:01',NULL),(585,'248100','企業2481','03-0001-2481',534,NULL,'備考データ2481','2019-10-12 19:50:01','2019-10-12 19:50:01',NULL),(586,'248200','企業2482','03-0001-2482',66,NULL,'備考データ2482','2019-10-12 19:50:01','2019-10-12 19:50:01',NULL),(587,'248300','企業2483','03-0001-2483',525,NULL,'備考データ2483','2019-10-12 19:50:01','2019-10-12 19:50:01',NULL),(588,'248400','企業2484','03-0001-2484',102,NULL,'備考データ2484','2019-10-12 19:50:01','2019-10-12 19:50:01',NULL),(589,'248500','企業2485','03-0001-2485',405,NULL,'備考データ2485','2019-10-12 19:50:01','2019-10-12 19:50:01',NULL),(590,'248600','企業2486','03-0001-2486',318,NULL,'備考データ2486','2019-10-12 19:50:01','2019-10-12 19:50:01',NULL),(591,'248700','企業2487','03-0001-2487',189,NULL,'備考データ2487','2019-10-12 19:50:01','2019-10-12 19:50:01',NULL),(592,'248800','企業2488','03-0001-2488',330,NULL,'備考データ2488','2019-10-12 19:50:01','2019-10-12 19:50:01',NULL),(593,'248900','企業2489','03-0001-2489',123,NULL,'備考データ2489','2019-10-12 19:50:01','2019-10-12 19:50:01',NULL),(594,'249000','企業2490','03-0001-2490',213,NULL,'備考データ2490','2019-10-12 19:50:01','2019-10-12 19:50:01',NULL),(595,'249100','企業2491','03-0001-2491',366,NULL,'備考データ2491','2019-10-12 19:50:01','2019-10-12 19:50:01',NULL),(596,'249200','企業2492','03-0001-2492',111,NULL,'備考データ2492','2019-10-12 19:50:01','2019-10-12 19:50:01',NULL),(597,'249300','企業2493','03-0001-2493',252,NULL,'備考データ2493','2019-10-12 19:50:01','2019-10-12 19:50:01',NULL),(598,'249400','企業2494','03-0001-2494',96,NULL,'備考データ2494','2019-10-12 19:50:01','2019-10-12 19:50:01',NULL),(599,'249500','企業2495','03-0001-2495',54,NULL,'備考データ2495','2019-10-12 19:50:01','2019-10-12 19:50:01',NULL),(600,'249600','企業2496','03-0001-2496',57,NULL,'備考データ2496','2019-10-12 19:50:01','2019-10-12 19:50:01',NULL),(601,'249700','企業2497','03-0001-2497',162,NULL,'備考データ2497','2019-10-12 19:50:01','2019-10-12 19:50:01',NULL),(602,'249800','企業2498','03-0001-2498',504,NULL,'備考データ2498','2019-10-12 19:50:01','2019-10-12 19:50:01',NULL),(603,'249900','企業2499','03-0001-2499',111,NULL,'備考データ2499','2019-10-12 19:50:01','2019-10-12 19:50:01',NULL),(604,'250000','企業2500','03-0001-2500',102,NULL,'備考データ2500','2019-10-12 19:50:01','2019-10-12 19:50:01',NULL),(605,'250100','企業2501','03-0001-2501',90,NULL,'備考データ2501','2019-10-12 19:50:01','2019-10-12 19:50:01',NULL),(606,'250200','企業2502','03-0001-2502',114,NULL,'備考データ2502','2019-10-12 19:50:01','2019-10-12 19:50:01',NULL),(607,'250300','企業2503','03-0001-2503',501,NULL,'備考データ2503','2019-10-12 19:50:01','2019-10-12 19:50:01',NULL),(608,'250400','企業2504','03-0001-2504',546,NULL,'備考データ2504','2019-10-12 19:50:01','2019-10-12 19:50:01',NULL),(609,'250500','企業2505','03-0001-2505',204,NULL,'備考データ2505','2019-10-12 19:50:01','2019-10-12 19:50:01',NULL),(610,'250600','企業2506','03-0001-2506',282,NULL,'備考データ2506','2019-10-12 19:50:01','2019-10-12 19:50:01',NULL),(611,'250700','企業2507','03-0001-2507',171,NULL,'備考データ2507','2019-10-12 19:50:01','2019-10-12 19:50:01',NULL),(612,'250800','企業2508','03-0001-2508',570,NULL,'備考データ2508','2019-10-12 19:50:01','2019-10-12 19:50:01',NULL),(613,'250900','企業2509','03-0001-2509',141,NULL,'備考データ2509','2019-10-12 19:50:01','2019-10-12 19:50:01',NULL),(614,'251000','企業2510','03-0001-2510',201,NULL,'備考データ2510','2019-10-12 19:50:01','2019-10-12 19:50:01',NULL),(615,'251100','企業2511','03-0001-2511',111,NULL,'備考データ2511','2019-10-12 19:50:01','2019-10-12 19:50:01',NULL),(616,'251200','企業2512','03-0001-2512',414,NULL,'備考データ2512','2019-10-12 19:50:01','2019-10-12 19:50:01',NULL),(617,'251300','企業2513','03-0001-2513',111,NULL,'備考データ2513','2019-10-12 19:50:01','2019-10-12 19:50:01',NULL),(618,'251400','企業2514','03-0001-2514',537,NULL,'備考データ2514','2019-10-12 19:50:01','2019-10-12 19:50:01',NULL),(619,'251500','企業2515','03-0001-2515',543,NULL,'備考データ2515','2019-10-12 19:50:01','2019-10-12 19:50:01',NULL),(620,'251600','企業2516','03-0001-2516',576,NULL,'備考データ2516','2019-10-12 19:50:01','2019-10-12 19:50:01',NULL),(621,'251700','企業2517','03-0001-2517',450,NULL,'備考データ2517','2019-10-12 19:50:01','2019-10-12 19:50:01',NULL),(622,'251800','企業2518','03-0001-2518',78,NULL,'備考データ2518','2019-10-12 19:50:01','2019-10-12 19:50:01',NULL),(623,'251900','企業2519','03-0001-2519',480,NULL,'備考データ2519','2019-10-12 19:50:01','2019-10-12 19:50:01',NULL),(624,'252000','企業2520','03-0001-2520',411,NULL,'備考データ2520','2019-10-12 19:50:01','2019-10-12 19:50:01',NULL),(625,'252100','企業2521','03-0001-2521',54,NULL,'備考データ2521','2019-10-12 19:50:01','2019-10-12 19:50:01',NULL),(626,'252200','企業2522','03-0001-2522',546,NULL,'備考データ2522','2019-10-12 19:50:01','2019-10-12 19:50:01',NULL),(627,'252300','企業2523','03-0001-2523',261,NULL,'備考データ2523','2019-10-12 19:50:01','2019-10-12 19:50:01',NULL),(628,'252400','企業2524','03-0001-2524',369,NULL,'備考データ2524','2019-10-12 19:50:01','2019-10-12 19:50:01',NULL),(629,'252500','企業2525','03-0001-2525',120,NULL,'備考データ2525','2019-10-12 19:50:01','2019-10-12 19:50:01',NULL),(630,'252600','企業2526','03-0001-2526',582,NULL,'備考データ2526','2019-10-12 19:50:01','2019-10-12 19:50:01',NULL),(631,'252700','企業2527','03-0001-2527',36,NULL,'備考データ2527','2019-10-12 19:50:01','2019-10-12 19:50:01',NULL),(632,'252800','企業2528','03-0001-2528',231,NULL,'備考データ2528','2019-10-12 19:50:01','2019-10-12 19:50:01',NULL),(633,'252900','企業2529','03-0001-2529',15,NULL,'備考データ2529','2019-10-12 19:50:01','2019-10-12 19:50:01',NULL),(634,'253000','企業2530','03-0001-2530',561,NULL,'備考データ2530','2019-10-12 19:50:01','2019-10-12 19:50:01',NULL),(635,'253100','企業2531','03-0001-2531',99,NULL,'備考データ2531','2019-10-12 19:50:01','2019-10-12 19:50:01',NULL),(636,'253200','企業2532','03-0001-2532',432,NULL,'備考データ2532','2019-10-12 19:50:01','2019-10-12 19:50:01',NULL),(637,'253300','企業2533','03-0001-2533',600,NULL,'備考データ2533','2019-10-12 19:50:01','2019-10-26 14:11:24','2019-10-26 02:11:24'),(638,'253400','企業2534','03-0001-2534',24,NULL,'備考データ2534','2019-10-12 19:50:01','2019-10-12 19:50:01',NULL),(639,'253500','企業2535','03-0001-2535',54,NULL,'備考データ2535','2019-10-12 19:50:01','2019-10-12 19:50:01',NULL),(640,'253600','企業2536','03-0001-2536',516,NULL,'備考データ2536','2019-10-12 19:50:01','2019-10-12 19:50:01',NULL),(641,'253700','企業2537','03-0001-2537',372,NULL,'備考データ2537','2019-10-12 19:50:01','2019-10-12 19:50:01',NULL),(642,'253800','企業2538','03-0001-2538',567,NULL,'備考データ2538','2019-10-12 19:50:01','2019-10-12 19:50:01',NULL),(643,'253900','企業2539','03-0001-2539',45,NULL,'備考データ2539','2019-10-12 19:50:01','2019-10-12 19:50:01',NULL),(644,'254000','企業2540','03-0001-2540',498,NULL,'備考データ2540','2019-10-12 19:50:01','2019-10-12 19:50:01',NULL),(645,'254100','企業2541','03-0001-2541',216,NULL,'備考データ2541','2019-10-12 19:50:01','2019-10-12 19:50:01',NULL),(646,'254200','企業2542','03-0001-2542',570,NULL,'備考データ2542','2019-10-12 19:50:01','2019-10-12 19:50:01',NULL),(647,'254300','企業2543','03-0001-2543',78,NULL,'備考データ2543','2019-10-12 19:50:01','2019-10-12 19:50:01',NULL),(648,'254400','企業2544','03-0001-2544',45,NULL,'備考データ2544','2019-10-12 19:50:01','2019-10-12 19:50:01',NULL),(649,'254500','企業2545','03-0001-2545',183,NULL,'備考データ2545','2019-10-12 19:50:01','2019-10-12 19:50:01',NULL),(650,'254600','企業2546','03-0001-2546',504,NULL,'備考データ2546','2019-10-12 19:50:01','2019-10-12 19:50:01',NULL),(651,'254700','企業2547','03-0001-2547',33,NULL,'備考データ2547','2019-10-12 19:50:01','2019-10-12 19:50:01',NULL),(652,'254800','企業2548','03-0001-2548',243,NULL,'備考データ2548','2019-10-12 19:50:01','2019-10-12 19:50:01',NULL),(653,'254900','企業2549','03-0001-2549',309,NULL,'備考データ2549','2019-10-12 19:50:01','2019-10-12 19:50:01',NULL),(654,'255000','企業2550','03-0001-2550',444,NULL,'備考データ2550','2019-10-12 19:50:01','2019-10-12 19:50:01',NULL),(655,'255100','企業2551','03-0001-2551',558,NULL,'備考データ2551','2019-10-12 19:50:01','2019-10-12 19:50:01',NULL),(656,'255200','企業2552','03-0001-2552',366,NULL,'備考データ2552','2019-10-12 19:50:01','2019-10-12 19:50:01',NULL),(657,'255300','企業2553','03-0001-2553',132,NULL,'備考データ2553','2019-10-12 19:50:01','2019-10-12 19:50:01',NULL),(658,'255400','企業2554','03-0001-2554',18,NULL,'備考データ2554','2019-10-12 19:50:01','2019-10-12 19:50:01',NULL),(659,'255500','企業2555','03-0001-2555',504,NULL,'備考データ2555','2019-10-12 19:50:01','2019-10-12 19:50:01',NULL),(660,'255600','企業2556','03-0001-2556',567,NULL,'備考データ2556','2019-10-12 19:50:01','2019-10-12 19:50:01',NULL),(661,'255700','企業2557','03-0001-2557',294,NULL,'備考データ2557','2019-10-12 19:50:01','2019-10-12 19:50:01',NULL),(662,'255800','企業2558','03-0001-2558',459,NULL,'備考データ2558','2019-10-12 19:50:01','2019-10-12 19:50:01',NULL),(663,'255900','企業2559','03-0001-2559',222,NULL,'備考データ2559','2019-10-12 19:50:01','2019-10-12 19:50:01',NULL),(664,'256000','企業2560','03-0001-2560',135,NULL,'備考データ2560','2019-10-12 19:50:01','2019-10-12 19:50:01',NULL),(665,'256100','企業2561','03-0001-2561',585,NULL,'備考データ2561','2019-10-12 19:50:01','2019-10-12 19:50:01',NULL),(666,'256200','企業2562','03-0001-2562',351,NULL,'備考データ2562','2019-10-12 19:50:01','2019-10-12 19:50:01',NULL),(667,'256300','企業2563','03-0001-2563',279,NULL,'備考データ2563','2019-10-12 19:50:01','2019-10-12 19:50:01',NULL),(668,'256400','企業2564','03-0001-2564',108,NULL,'備考データ2564','2019-10-12 19:50:01','2019-10-12 19:50:01',NULL),(669,'256500','企業2565','03-0001-2565',351,NULL,'備考データ2565','2019-10-12 19:50:01','2019-10-12 19:50:01',NULL),(670,'256600','企業2566','03-0001-2566',228,NULL,'備考データ2566','2019-10-12 19:50:01','2019-10-12 19:50:01',NULL),(671,'256700','企業2567','03-0001-2567',93,NULL,'備考データ2567','2019-10-12 19:50:01','2019-10-12 19:50:01',NULL),(672,'256800','企業2568','03-0001-2568',201,NULL,'備考データ2568','2019-10-12 19:50:01','2019-10-12 19:50:01',NULL),(673,'256900','企業2569','03-0001-2569',408,NULL,'備考データ2569','2019-10-12 19:50:01','2019-10-12 19:50:01',NULL),(674,'257000','企業2570','03-0001-2570',417,NULL,'備考データ2570','2019-10-12 19:50:01','2019-10-12 19:50:01',NULL),(675,'257100','企業2571','03-0001-2571',168,NULL,'備考データ2571','2019-10-12 19:50:01','2019-10-12 19:50:01',NULL),(676,'257200','企業2572','03-0001-2572',372,NULL,'備考データ2572','2019-10-12 19:50:01','2019-10-12 19:50:01',NULL),(677,'257300','企業2573','03-0001-2573',132,NULL,'備考データ2573','2019-10-12 19:50:01','2019-10-12 19:50:01',NULL),(678,'257400','企業2574','03-0001-2574',507,NULL,'備考データ2574','2019-10-12 19:50:01','2019-10-12 19:50:01',NULL),(679,'257500','企業2575','03-0001-2575',576,NULL,'備考データ2575','2019-10-12 19:50:01','2019-10-12 19:50:01',NULL),(680,'257600','企業2576','03-0001-2576',411,NULL,'備考データ2576','2019-10-12 19:50:01','2019-10-12 19:50:01',NULL),(681,'257700','企業2577','03-0001-2577',558,NULL,'備考データ2577','2019-10-12 19:50:01','2019-10-12 19:50:01',NULL),(682,'257800','企業2578','03-0001-2578',567,NULL,'備考データ2578','2019-10-12 19:50:01','2019-10-12 19:50:01',NULL),(683,'257900','企業2579','03-0001-2579',480,NULL,'備考データ2579','2019-10-12 19:50:01','2019-10-12 19:50:01',NULL),(684,'258000','企業2580','03-0001-2580',261,NULL,'備考データ2580','2019-10-12 19:50:01','2019-10-12 19:50:01',NULL),(685,'258100','企業2581','03-0001-2581',303,NULL,'備考データ2581','2019-10-12 19:50:01','2019-10-12 19:50:01',NULL),(686,'258200','企業2582','03-0001-2582',54,NULL,'備考データ2582','2019-10-12 19:50:01','2019-10-12 19:50:01',NULL),(687,'258300','企業2583','03-0001-2583',390,NULL,'備考データ2583','2019-10-12 19:50:01','2019-10-12 19:50:01',NULL),(688,'258400','企業2584','03-0001-2584',186,NULL,'備考データ2584','2019-10-12 19:50:01','2019-10-12 19:50:01',NULL),(689,'258500','企業2585','03-0001-2585',309,NULL,'備考データ2585','2019-10-12 19:50:01','2019-10-12 19:50:01',NULL),(690,'258600','企業2586','03-0001-2586',159,NULL,'備考データ2586','2019-10-12 19:50:01','2019-10-12 19:50:01',NULL),(691,'258700','企業2587','03-0001-2587',174,NULL,'備考データ2587','2019-10-12 19:50:01','2019-10-12 19:50:01',NULL),(692,'258800','企業2588','03-0001-2588',594,NULL,'備考データ2588','2019-10-12 19:50:01','2019-10-12 19:50:01',NULL),(693,'258900','企業2589','03-0001-2589',339,NULL,'備考データ2589','2019-10-12 19:50:01','2019-10-12 19:50:01',NULL),(694,'259000','企業2590','03-0001-2590',381,NULL,'備考データ2590','2019-10-12 19:50:01','2019-10-12 19:50:01',NULL),(695,'259100','企業2591','03-0001-2591',81,NULL,'備考データ2591','2019-10-12 19:50:01','2019-10-12 19:50:01',NULL),(696,'259200','企業2592','03-0001-2592',276,NULL,'備考データ2592','2019-10-12 19:50:01','2019-10-12 19:50:01',NULL),(697,'259300','企業2593','03-0001-2593',162,NULL,'備考データ2593','2019-10-12 19:50:01','2019-10-12 19:50:01',NULL),(698,'259400','企業2594','03-0001-2594',336,NULL,'備考データ2594','2019-10-12 19:50:01','2019-10-12 19:50:01',NULL),(699,'259500','企業2595','03-0001-2595',192,NULL,'備考データ2595','2019-10-12 19:50:01','2019-10-12 19:50:01',NULL),(700,'259600','企業2596','03-0001-2596',315,NULL,'備考データ2596','2019-10-12 19:50:01','2019-10-12 19:50:01',NULL),(701,'259700','企業2597','03-0001-2597',153,NULL,'備考データ2597','2019-10-12 19:50:01','2019-10-12 19:50:01',NULL),(702,'259800','企業2598','03-0001-2598',27,NULL,'備考データ2598','2019-10-12 19:50:01','2019-10-12 19:50:01',NULL),(703,'259900','企業2599','03-0001-2599',15,NULL,'備考データ2599','2019-10-12 19:50:01','2019-10-12 19:50:01',NULL),(704,'260000','企業2600','03-0001-2600',243,NULL,'備考データ2600','2019-10-12 19:50:01','2019-10-12 19:50:01',NULL),(705,'260100','企業2601','03-0001-2601',531,NULL,'備考データ2601','2019-10-12 19:50:01','2019-10-12 19:50:01',NULL),(706,'260200','企業2602','03-0001-2602',213,NULL,'備考データ2602','2019-10-12 19:50:01','2019-10-12 19:50:01',NULL),(707,'260300','企業2603','03-0001-2603',210,NULL,'備考データ2603','2019-10-12 19:50:01','2019-10-12 19:50:01',NULL),(708,'260400','企業2604','03-0001-2604',516,NULL,'備考データ2604','2019-10-12 19:50:01','2019-10-12 19:50:01',NULL),(709,'260500','企業2605','03-0001-2605',27,NULL,'備考データ2605','2019-10-12 19:50:01','2019-10-12 19:50:01',NULL),(710,'260600','企業2606','03-0001-2606',399,NULL,'備考データ2606','2019-10-12 19:50:01','2019-10-12 19:50:01',NULL),(711,'260700','企業2607','03-0001-2607',351,NULL,'備考データ2607','2019-10-12 19:50:01','2019-10-12 19:50:01',NULL),(712,'260800','企業2608','03-0001-2608',33,NULL,'備考データ2608','2019-10-12 19:50:01','2019-10-12 19:50:01',NULL),(713,'260900','企業2609','03-0001-2609',126,NULL,'備考データ2609','2019-10-12 19:50:01','2019-10-12 19:50:01',NULL),(714,'261000','企業2610','03-0001-2610',549,NULL,'備考データ2610','2019-10-12 19:50:01','2019-10-12 19:50:01',NULL),(715,'261100','企業2611','03-0001-2611',255,NULL,'備考データ2611','2019-10-12 19:50:01','2019-10-12 19:50:01',NULL),(716,'261200','企業2612','03-0001-2612',153,NULL,'備考データ2612','2019-10-12 19:50:01','2019-10-12 19:50:01',NULL),(717,'261300','企業2613','03-0001-2613',78,NULL,'備考データ2613','2019-10-12 19:50:01','2019-10-12 19:50:01',NULL),(718,'261400','企業2614','03-0001-2614',204,NULL,'備考データ2614','2019-10-12 19:50:01','2019-10-12 19:50:01',NULL),(719,'261500','企業2615','03-0001-2615',375,NULL,'備考データ2615','2019-10-12 19:50:01','2019-10-12 19:50:01',NULL),(720,'261600','企業2616','03-0001-2616',249,NULL,'備考データ2616','2019-10-12 19:50:01','2019-10-12 19:50:01',NULL),(721,'261700','企業2617','03-0001-2617',231,NULL,'備考データ2617','2019-10-12 19:50:01','2019-10-12 19:50:01',NULL),(722,'261800','企業2618','03-0001-2618',321,NULL,'備考データ2618','2019-10-12 19:50:01','2019-10-12 19:50:01',NULL),(723,'261900','企業2619','03-0001-2619',186,NULL,'備考データ2619','2019-10-12 19:50:01','2019-10-12 19:50:01',NULL),(724,'262000','企業2620','03-0001-2620',159,NULL,'備考データ2620','2019-10-12 19:50:01','2019-10-12 19:50:01',NULL),(725,'262100','企業2621','03-0001-2621',240,NULL,'備考データ2621','2019-10-12 19:50:01','2019-10-12 19:50:01',NULL),(726,'262200','企業2622','03-0001-2622',381,NULL,'備考データ2622','2019-10-12 19:50:01','2019-10-12 19:50:01',NULL),(727,'262300','企業2623','03-0001-2623',114,NULL,'備考データ2623','2019-10-12 19:50:01','2019-10-12 19:50:01',NULL),(728,'262400','企業2624','03-0001-2624',360,NULL,'備考データ2624','2019-10-12 19:50:01','2019-10-12 19:50:01',NULL),(729,'262500','企業2625','03-0001-2625',438,NULL,'備考データ2625','2019-10-12 19:50:01','2019-10-12 19:50:01',NULL),(730,'262600','企業2626','03-0001-2626',159,NULL,'備考データ2626','2019-10-12 19:50:01','2019-10-12 19:50:01',NULL),(731,'262700','企業2627','03-0001-2627',249,NULL,'備考データ2627','2019-10-12 19:50:01','2019-10-12 19:50:01',NULL),(732,'262800','企業2628','03-0001-2628',438,NULL,'備考データ2628','2019-10-12 19:50:01','2019-10-12 19:50:01',NULL),(733,'262900','企業2629','03-0001-2629',123,NULL,'備考データ2629','2019-10-12 19:50:01','2019-10-12 19:50:01',NULL),(734,'263000','企業2630','03-0001-2630',444,NULL,'備考データ2630','2019-10-12 19:50:01','2019-10-12 19:50:01',NULL),(735,'263100','企業2631','03-0001-2631',441,NULL,'備考データ2631','2019-10-12 19:50:01','2019-10-12 19:50:01',NULL),(736,'263200','企業2632','03-0001-2632',111,NULL,'備考データ2632','2019-10-12 19:50:01','2019-10-12 19:50:01',NULL),(737,'263300','企業2633','03-0001-2633',324,NULL,'備考データ2633','2019-10-12 19:50:01','2019-10-12 19:50:01',NULL),(738,'263400','企業2634','03-0001-2634',141,NULL,'備考データ2634','2019-10-12 19:50:01','2019-10-12 19:50:01',NULL),(739,'263500','企業2635','03-0001-2635',444,NULL,'備考データ2635','2019-10-12 19:50:01','2019-10-12 19:50:01',NULL),(740,'263600','企業2636','03-0001-2636',66,NULL,'備考データ2636','2019-10-12 19:50:01','2019-10-12 19:50:01',NULL),(741,'263700','企業2637','03-0001-2637',261,NULL,'備考データ2637','2019-10-12 19:50:01','2019-10-12 19:50:01',NULL),(742,'263800','企業2638','03-0001-2638',546,NULL,'備考データ2638','2019-10-12 19:50:01','2019-10-12 19:50:01',NULL),(743,'263900','企業2639','03-0001-2639',24,NULL,'備考データ2639','2019-10-12 19:50:01','2019-10-12 19:50:01',NULL),(744,'264000','企業2640','03-0001-2640',363,NULL,'備考データ2640','2019-10-12 19:50:01','2019-10-12 19:50:01',NULL),(745,'264100','企業2641','03-0001-2641',120,NULL,'備考データ2641','2019-10-12 19:50:01','2019-10-12 19:50:01',NULL),(746,'264200','企業2642','03-0001-2642',540,NULL,'備考データ2642','2019-10-12 19:50:01','2019-10-12 19:50:01',NULL),(747,'264300','企業2643','03-0001-2643',114,NULL,'備考データ2643','2019-10-12 19:50:01','2019-10-12 19:50:01',NULL),(748,'264400','企業2644','03-0001-2644',525,NULL,'備考データ2644','2019-10-12 19:50:01','2019-10-12 19:50:01',NULL),(749,'264500','企業2645','03-0001-2645',90,NULL,'備考データ2645','2019-10-12 19:50:01','2019-10-12 19:50:01',NULL),(750,'264600','企業2646','03-0001-2646',30,NULL,'備考データ2646','2019-10-12 19:50:01','2019-10-12 19:50:01',NULL),(751,'264700','企業2647','03-0001-2647',57,NULL,'備考データ2647','2019-10-12 19:50:01','2019-10-12 19:50:01',NULL),(752,'264800','企業2648','03-0001-2648',39,NULL,'備考データ2648','2019-10-12 19:50:01','2019-10-12 19:50:01',NULL),(753,'264900','企業2649','03-0001-2649',477,NULL,'備考データ2649','2019-10-12 19:50:01','2019-10-12 19:50:01',NULL),(754,'265000','企業2650','03-0001-2650',219,NULL,'備考データ2650','2019-10-12 19:50:01','2019-10-12 19:50:01',NULL),(755,'265100','企業2651','03-0001-2651',591,NULL,'備考データ2651','2019-10-12 19:50:01','2019-10-12 19:50:01',NULL),(756,'265200','企業2652','03-0001-2652',294,NULL,'備考データ2652','2019-10-12 19:50:01','2019-10-12 19:50:01',NULL),(757,'265300','企業2653','03-0001-2653',168,NULL,'備考データ2653','2019-10-12 19:50:01','2019-10-12 19:50:01',NULL),(758,'265400','企業2654','03-0001-2654',312,NULL,'備考データ2654','2019-10-12 19:50:01','2019-10-12 19:50:01',NULL),(759,'265500','企業2655','03-0001-2655',72,NULL,'備考データ2655','2019-10-12 19:50:01','2019-10-12 19:50:01',NULL),(760,'265600','企業2656','03-0001-2656',441,NULL,'備考データ2656','2019-10-12 19:50:01','2019-10-12 19:50:01',NULL),(761,'265700','企業2657','03-0001-2657',366,NULL,'備考データ2657','2019-10-12 19:50:01','2019-10-12 19:50:01',NULL),(762,'265800','企業2658','03-0001-2658',411,NULL,'備考データ2658','2019-10-12 19:50:01','2019-10-12 19:50:01',NULL),(763,'265900','企業2659','03-0001-2659',27,NULL,'備考データ2659','2019-10-12 19:50:01','2019-11-23 20:05:51','2019-11-23 08:05:51'),(764,'266000','企業2660','03-0001-2660',543,NULL,'備考データ2660','2019-10-12 19:50:01','2019-10-12 19:50:01',NULL),(765,'266100','企業2661','03-0001-2661',261,NULL,'備考データ2661','2019-10-12 19:50:01','2019-10-12 19:50:01',NULL),(766,'266200','企業2662','03-0001-2662',66,NULL,'備考データ2662','2019-10-12 19:50:01','2019-10-12 19:50:01',NULL),(767,'266300','企業2663','03-0001-2663',18,NULL,'備考データ2663','2019-10-12 19:50:01','2019-10-12 19:50:01',NULL),(768,'266400','企業2664','03-0001-2664',333,NULL,'備考データ2664','2019-10-12 19:50:01','2019-10-12 19:50:01',NULL),(769,'266500','企業2665','03-0001-2665',534,NULL,'備考データ2665','2019-10-12 19:50:01','2019-10-12 19:50:01',NULL),(770,'266600','企業2666','03-0001-2666',420,NULL,'備考データ2666','2019-10-12 19:50:01','2019-10-12 19:50:01',NULL),(771,'266700','企業2667','03-0001-2667',165,NULL,'備考データ2667','2019-10-12 19:50:01','2019-10-12 19:50:01',NULL),(772,'266800','企業2668','03-0001-2668',198,NULL,'備考データ2668','2019-10-12 19:50:01','2019-10-12 19:50:01',NULL),(773,'266900','企業2669','03-0001-2669',252,NULL,'備考データ2669','2019-10-12 19:50:01','2019-10-12 19:50:01',NULL),(774,'267000','企業2670','03-0001-2670',57,NULL,'備考データ2670','2019-10-12 19:50:01','2019-10-12 19:50:01',NULL),(775,'267100','企業2671','03-0001-2671',459,NULL,'備考データ2671','2019-10-12 19:50:01','2019-10-12 19:50:01',NULL),(776,'267200','企業2672','03-0001-2672',306,NULL,'備考データ2672','2019-10-12 19:50:01','2019-10-12 19:50:01',NULL),(777,'267300','企業2673','03-0001-2673',249,NULL,'備考データ2673','2019-10-12 19:50:01','2019-10-12 19:50:01',NULL),(778,'267400','企業2674','03-0001-2674',543,NULL,'備考データ2674','2019-10-12 19:50:01','2019-10-12 19:50:01',NULL),(779,'267500','企業2675','03-0001-2675',336,NULL,'備考データ2675','2019-10-12 19:50:01','2019-10-12 19:50:01',NULL),(780,'267600','企業2676','03-0001-2676',447,NULL,'備考データ2676','2019-10-12 19:50:01','2019-10-12 19:50:01',NULL),(781,'267700','企業2677','03-0001-2677',345,NULL,'備考データ2677','2019-10-12 19:50:01','2019-10-12 19:50:01',NULL),(782,'267800','企業2678','03-0001-2678',60,NULL,'備考データ2678','2019-10-12 19:50:01','2019-10-12 19:50:01',NULL),(783,'267900','企業2679','03-0001-2679',351,NULL,'備考データ2679','2019-10-12 19:50:01','2019-10-12 19:50:01',NULL),(784,'268000','企業2680','03-0001-2680',300,NULL,'備考データ2680','2019-10-12 19:50:01','2019-10-12 19:50:01',NULL),(785,'268100','企業2681','03-0001-2681',273,NULL,'備考データ2681','2019-10-12 19:50:01','2019-10-12 19:50:01',NULL),(786,'268200','企業2682','03-0001-2682',318,NULL,'備考データ2682','2019-10-12 19:50:01','2019-10-12 19:50:01',NULL),(787,'268300','企業2683','03-0001-2683',522,NULL,'備考データ2683','2019-10-12 19:50:01','2019-10-12 19:50:01',NULL),(788,'268400','企業2684','03-0001-2684',552,NULL,'備考データ2684','2019-10-12 19:50:01','2019-10-12 19:50:01',NULL),(789,'268500','企業2685','03-0001-2685',438,NULL,'備考データ2685','2019-10-12 19:50:01','2019-10-12 19:50:01',NULL),(790,'268600','企業2686','03-0001-2686',15,NULL,'備考データ2686','2019-10-12 19:50:01','2019-10-12 19:50:01',NULL),(791,'268700','企業2687','03-0001-2687',102,NULL,'備考データ2687','2019-10-12 19:50:01','2019-10-12 19:50:01',NULL),(792,'268800','企業2688','03-0001-2688',357,NULL,'備考データ2688','2019-10-12 19:50:01','2019-10-12 19:50:01',NULL),(793,'268900','企業2689','03-0001-2689',54,NULL,'備考データ2689','2019-10-12 19:50:01','2019-10-12 19:50:01',NULL),(794,'269000','企業2690','03-0001-2690',510,NULL,'備考データ2690','2019-10-12 19:50:01','2019-10-12 19:50:01',NULL),(795,'269100','企業2691','03-0001-2691',201,NULL,'備考データ2691','2019-10-12 19:50:01','2019-10-12 19:50:01',NULL),(796,'269200','企業2692','03-0001-2692',585,NULL,'備考データ2692','2019-10-12 19:50:01','2019-10-12 19:50:01',NULL),(797,'269300','企業2693','03-0001-2693',522,NULL,'備考データ2693','2019-10-12 19:50:01','2019-10-12 19:50:01',NULL),(798,'269400','企業2694','03-0001-2694',225,NULL,'備考データ2694','2019-10-12 19:50:01','2019-10-12 19:50:01',NULL),(799,'269500','企業2695','03-0001-2695',168,NULL,'備考データ2695','2019-10-12 19:50:01','2019-10-12 19:50:01',NULL),(800,'269600','企業2696','03-0001-2696',12,NULL,'備考データ2696','2019-10-12 19:50:01','2019-10-12 19:50:01',NULL),(801,'269700','企業2697','03-0001-2697',207,NULL,'備考データ2697','2019-10-12 19:50:01','2019-10-12 19:50:01',NULL),(802,'269800','企業2698','03-0001-2698',168,NULL,'備考データ2698','2019-10-12 19:50:01','2019-10-12 19:50:01',NULL),(803,'269900','企業2699','03-0001-2699',348,NULL,'備考データ2699','2019-10-12 19:50:01','2019-10-12 19:50:01',NULL),(804,'270000','企業2700','03-0001-2700',303,NULL,'備考データ2700','2019-10-12 19:50:01','2019-10-12 19:50:01',NULL),(805,'270100','企業2701','03-0001-2701',591,NULL,'備考データ2701','2019-10-12 19:50:01','2019-10-12 19:50:01',NULL),(806,'270200','企業2702','03-0001-2702',45,NULL,'備考データ2702','2019-10-12 19:50:01','2019-11-23 20:05:51','2019-11-23 08:05:51'),(807,'270300','企業2703','03-0001-2703',597,NULL,'備考データ2703','2019-10-12 19:50:01','2019-10-12 19:50:01',NULL),(808,'270400','企業2704','03-0001-2704',93,NULL,'備考データ2704','2019-10-12 19:50:01','2019-10-12 19:50:01',NULL),(809,'270500','企業2705','03-0001-2705',249,NULL,'備考データ2705','2019-10-12 19:50:01','2019-10-12 19:50:01',NULL),(810,'270600','企業2706','03-0001-2706',495,NULL,'備考データ2706','2019-10-12 19:50:01','2019-10-12 19:50:01',NULL),(811,'270700','企業2707','03-0001-2707',39,NULL,'備考データ2707','2019-10-12 19:50:01','2019-11-23 20:05:51','2019-11-23 08:05:51'),(812,'270800','企業2708','03-0001-2708',129,NULL,'備考データ2708','2019-10-12 19:50:01','2019-10-12 19:50:01',NULL),(813,'270900','企業2709','03-0001-2709',411,NULL,'備考データ2709','2019-10-12 19:50:01','2019-10-12 19:50:01',NULL),(814,'271000','企業2710','03-0001-2710',405,NULL,'備考データ2710','2019-10-12 19:50:01','2019-10-12 19:50:01',NULL),(815,'271100','企業2711','03-0001-2711',303,NULL,'備考データ2711','2019-10-12 19:50:01','2019-10-12 19:50:01',NULL),(816,'271200','企業2712','03-0001-2712',486,NULL,'備考データ2712','2019-10-12 19:50:01','2019-10-12 19:50:01',NULL),(817,'271300','企業2713','03-0001-2713',183,NULL,'備考データ2713','2019-10-12 19:50:01','2019-10-12 19:50:01',NULL),(818,'271400','企業2714','03-0001-2714',135,NULL,'備考データ2714','2019-10-12 19:50:01','2019-10-12 19:50:01',NULL),(819,'271500','企業2715','03-0001-2715',99,NULL,'備考データ2715','2019-10-12 19:50:01','2019-10-12 19:50:01',NULL),(820,'271600','企業2716','03-0001-2716',261,NULL,'備考データ2716','2019-10-12 19:50:01','2019-10-12 19:50:01',NULL),(821,'271700','企業2717','03-0001-2717',210,NULL,'備考データ2717','2019-10-12 19:50:01','2019-10-12 19:50:01',NULL),(822,'271800','企業2718','03-0001-2718',366,NULL,'備考データ2718','2019-10-12 19:50:01','2019-10-12 19:50:01',NULL),(823,'271900','企業2719','03-0001-2719',183,NULL,'備考データ2719','2019-10-12 19:50:01','2019-10-12 19:50:01',NULL),(824,'272000','企業2720','03-0001-2720',486,NULL,'備考データ2720','2019-10-12 19:50:01','2019-10-12 19:50:01',NULL),(825,'272100','企業2721','03-0001-2721',513,NULL,'備考データ2721','2019-10-12 19:50:01','2019-10-12 19:50:01',NULL),(826,'272200','企業2722','03-0001-2722',399,NULL,'備考データ2722','2019-10-12 19:50:01','2019-10-12 19:50:01',NULL),(827,'272300','企業2723','03-0001-2723',378,NULL,'備考データ2723','2019-10-12 19:50:01','2019-10-12 19:50:01',NULL),(828,'272400','企業2724','03-0001-2724',9,NULL,'備考データ2724','2019-10-12 19:50:01','2019-10-12 19:50:01',NULL),(829,'272500','企業2725','03-0001-2725',543,NULL,'備考データ2725','2019-10-12 19:50:01','2019-10-12 19:50:01',NULL),(830,'272600','企業2726','03-0001-2726',138,NULL,'備考データ2726','2019-10-12 19:50:01','2019-10-12 19:50:01',NULL),(831,'272700','企業2727','03-0001-2727',201,NULL,'備考データ2727','2019-10-12 19:50:01','2019-10-12 19:50:01',NULL),(832,'272800','企業2728','03-0001-2728',255,NULL,'備考データ2728','2019-10-12 19:50:01','2019-10-12 19:50:01',NULL),(833,'272900','企業2729','03-0001-2729',450,NULL,'備考データ2729','2019-10-12 19:50:01','2019-10-12 19:50:01',NULL),(834,'273000','企業2730','03-0001-2730',459,NULL,'備考データ2730','2019-10-12 19:50:01','2019-10-12 19:50:01',NULL),(835,'273100','企業2731','03-0001-2731',324,NULL,'備考データ2731','2019-10-12 19:50:01','2019-10-12 19:50:01',NULL),(836,'273200','企業2732','03-0001-2732',552,NULL,'備考データ2732','2019-10-12 19:50:01','2019-10-12 19:50:01',NULL),(837,'273300','企業2733','03-0001-2733',555,NULL,'備考データ2733','2019-10-12 19:50:01','2019-10-12 19:50:01',NULL),(838,'273400','企業2734','03-0001-2734',519,NULL,'備考データ2734','2019-10-12 19:50:01','2019-10-12 19:50:01',NULL),(839,'273500','企業2735','03-0001-2735',282,NULL,'備考データ2735','2019-10-12 19:50:01','2019-10-12 19:50:01',NULL),(840,'273600','企業2736','03-0001-2736',576,NULL,'備考データ2736','2019-10-12 19:50:01','2019-10-12 19:50:01',NULL),(841,'273700','企業2737','03-0001-2737',51,NULL,'備考データ2737','2019-10-12 19:50:01','2019-10-12 19:50:01',NULL),(842,'273800','企業2738','03-0001-2738',66,NULL,'備考データ2738','2019-10-12 19:50:01','2019-10-12 19:50:01',NULL),(843,'273900','企業2739','03-0001-2739',324,NULL,'備考データ2739','2019-10-12 19:50:01','2019-10-12 19:50:01',NULL),(844,'274000','企業2740','03-0001-2740',501,NULL,'備考データ2740','2019-10-12 19:50:01','2019-10-12 19:50:01',NULL),(845,'274100','企業2741','03-0001-2741',126,NULL,'備考データ2741','2019-10-12 19:50:01','2019-10-12 19:50:01',NULL),(846,'274200','企業2742','03-0001-2742',423,NULL,'備考データ2742','2019-10-12 19:50:01','2019-10-12 19:50:01',NULL),(847,'274300','企業2743','03-0001-2743',408,NULL,'備考データ2743','2019-10-12 19:50:01','2019-10-12 19:50:01',NULL),(848,'274400','企業2744','03-0001-2744',486,NULL,'備考データ2744','2019-10-12 19:50:01','2019-10-12 19:50:01',NULL),(849,'274500','企業2745','03-0001-2745',384,NULL,'備考データ2745','2019-10-12 19:50:01','2019-10-12 19:50:01',NULL),(850,'274600','企業2746','03-0001-2746',156,NULL,'備考データ2746','2019-10-12 19:50:01','2019-10-12 19:50:01',NULL),(851,'274700','企業2747','03-0001-2747',312,NULL,'備考データ2747','2019-10-12 19:50:01','2019-10-12 19:50:01',NULL),(852,'274800','企業2748','03-0001-2748',435,NULL,'備考データ2748','2019-10-12 19:50:01','2019-10-12 19:50:01',NULL),(853,'274900','企業2749','03-0001-2749',360,NULL,'備考データ2749','2019-10-12 19:50:01','2019-10-12 19:50:01',NULL),(854,'275000','企業2750','03-0001-2750',489,NULL,'備考データ2750','2019-10-12 19:50:01','2019-10-12 19:50:01',NULL),(855,'275100','企業2751','03-0001-2751',192,NULL,'備考データ2751','2019-10-12 19:50:01','2019-10-12 19:50:01',NULL),(856,'275200','企業2752','03-0001-2752',288,NULL,'備考データ2752','2019-10-12 19:50:01','2019-10-12 19:50:01',NULL),(857,'275300','企業2753','03-0001-2753',387,NULL,'備考データ2753','2019-10-12 19:50:01','2019-10-12 19:50:01',NULL),(858,'275400','企業2754','03-0001-2754',222,NULL,'備考データ2754','2019-10-12 19:50:01','2019-10-12 19:50:01',NULL),(859,'275500','企業2755','03-0001-2755',555,NULL,'備考データ2755','2019-10-12 19:50:01','2019-10-12 19:50:01',NULL),(860,'275600','企業2756','03-0001-2756',162,NULL,'備考データ2756','2019-10-12 19:50:01','2019-10-12 19:50:01',NULL),(861,'275700','企業2757','03-0001-2757',315,NULL,'備考データ2757','2019-10-12 19:50:01','2019-10-12 19:50:01',NULL),(862,'275800','企業2758','03-0001-2758',384,NULL,'備考データ2758','2019-10-12 19:50:01','2019-10-12 19:50:01',NULL),(863,'275900','企業2759','03-0001-2759',144,NULL,'備考データ2759','2019-10-12 19:50:01','2019-10-12 19:50:01',NULL),(864,'276000','企業2760','03-0001-2760',279,NULL,'備考データ2760','2019-10-12 19:50:01','2019-10-12 19:50:01',NULL),(865,'276100','企業2761','03-0001-2761',24,NULL,'備考データ2761','2019-10-12 19:50:01','2019-11-23 20:05:51','2019-11-23 08:05:51'),(866,'276200','企業2762','03-0001-2762',162,NULL,'備考データ2762','2019-10-12 19:50:01','2019-10-12 19:50:01',NULL),(867,'276300','企業2763','03-0001-2763',552,NULL,'備考データ2763','2019-10-12 19:50:01','2019-10-12 19:50:01',NULL),(868,'276400','企業2764','03-0001-2764',93,NULL,'備考データ2764','2019-10-12 19:50:01','2019-10-12 19:50:01',NULL),(869,'276500','企業2765','03-0001-2765',324,NULL,'備考データ2765','2019-10-12 19:50:01','2019-10-12 19:50:01',NULL),(870,'276600','企業2766','03-0001-2766',552,NULL,'備考データ2766','2019-10-12 19:50:01','2019-10-12 19:50:01',NULL),(871,'276700','企業2767','03-0001-2767',579,NULL,'備考データ2767','2019-10-12 19:50:01','2019-10-12 19:50:01',NULL),(872,'276800','企業2768','03-0001-2768',90,NULL,'備考データ2768','2019-10-12 19:50:01','2019-10-12 19:50:01',NULL),(873,'276900','企業2769','03-0001-2769',198,NULL,'備考データ2769','2019-10-12 19:50:01','2019-10-12 19:50:01',NULL),(874,'277000','企業2770','03-0001-2770',78,NULL,'備考データ2770','2019-10-12 19:50:01','2019-10-12 19:50:01',NULL),(875,'277100','企業2771','03-0001-2771',303,NULL,'備考データ2771','2019-10-12 19:50:01','2019-10-12 19:50:01',NULL),(876,'277200','企業2772','03-0001-2772',141,NULL,'備考データ2772','2019-10-12 19:50:01','2019-10-12 19:50:01',NULL),(877,'277300','企業2773','03-0001-2773',27,NULL,'備考データ2773','2019-10-12 19:50:01','2019-11-23 20:05:51','2019-11-23 08:05:51'),(878,'277400','企業2774','03-0001-2774',234,NULL,'備考データ2774','2019-10-12 19:50:01','2019-10-12 19:50:01',NULL),(879,'277500','企業2775','03-0001-2775',117,NULL,'備考データ2775','2019-10-12 19:50:01','2019-10-12 19:50:01',NULL),(880,'277600','企業2776','03-0001-2776',522,NULL,'備考データ2776','2019-10-12 19:50:01','2019-10-12 19:50:01',NULL),(881,'277700','企業2777','03-0001-2777',507,NULL,'備考データ2777','2019-10-12 19:50:01','2019-10-12 19:50:01',NULL),(882,'277800','企業2778','03-0001-2778',84,NULL,'備考データ2778','2019-10-12 19:50:01','2019-10-12 19:50:01',NULL),(883,'277900','企業2779','03-0001-2779',117,NULL,'備考データ2779','2019-10-12 19:50:01','2019-10-12 19:50:01',NULL),(884,'278000','企業2780','03-0001-2780',420,NULL,'備考データ2780','2019-10-12 19:50:01','2019-10-12 19:50:01',NULL),(885,'278100','企業2781','03-0001-2781',321,NULL,'備考データ2781','2019-10-12 19:50:01','2019-10-12 19:50:01',NULL),(886,'278200','企業2782','03-0001-2782',342,NULL,'備考データ2782','2019-10-12 19:50:01','2019-10-12 19:50:01',NULL),(887,'278300','企業2783','03-0001-2783',270,NULL,'備考データ2783','2019-10-12 19:50:01','2019-10-12 19:50:01',NULL),(888,'278400','企業2784','03-0001-2784',465,NULL,'備考データ2784','2019-10-12 19:50:01','2019-10-12 19:50:01',NULL),(889,'278500','企業2785','03-0001-2785',423,NULL,'備考データ2785','2019-10-12 19:50:01','2019-10-12 19:50:01',NULL),(890,'278600','企業2786','03-0001-2786',582,NULL,'備考データ2786','2019-10-12 19:50:01','2019-10-12 19:50:01',NULL),(891,'278700','企業2787','03-0001-2787',546,NULL,'備考データ2787','2019-10-12 19:50:01','2019-10-12 19:50:01',NULL),(892,'278800','企業2788','03-0001-2788',534,NULL,'備考データ2788','2019-10-12 19:50:01','2019-10-12 19:50:01',NULL),(893,'278900','企業2789','03-0001-2789',288,NULL,'備考データ2789','2019-10-12 19:50:01','2019-10-12 19:50:01',NULL),(894,'279000','企業2790','03-0001-2790',216,NULL,'備考データ2790','2019-10-12 19:50:01','2019-10-12 19:50:01',NULL),(895,'279100','企業2791','03-0001-2791',564,NULL,'備考データ2791','2019-10-12 19:50:01','2019-10-12 19:50:01',NULL),(896,'279200','企業2792','03-0001-2792',414,NULL,'備考データ2792','2019-10-12 19:50:01','2019-10-12 19:50:01',NULL),(897,'279300','企業2793','03-0001-2793',78,NULL,'備考データ2793','2019-10-12 19:50:01','2019-10-12 19:50:01',NULL),(898,'279400','企業2794','03-0001-2794',336,NULL,'備考データ2794','2019-10-12 19:50:01','2019-10-12 19:50:01',NULL),(899,'279500','企業2795','03-0001-2795',489,NULL,'備考データ2795','2019-10-12 19:50:01','2019-10-12 19:50:01',NULL),(900,'279600','企業2796','03-0001-2796',495,NULL,'備考データ2796','2019-10-12 19:50:01','2019-10-12 19:50:01',NULL),(901,'279700','企業2797','03-0001-2797',33,NULL,'備考データ2797','2019-10-12 19:50:01','2019-11-23 20:05:51','2019-11-23 08:05:51'),(902,'279800','企業2798','03-0001-2798',369,NULL,'備考データ2798','2019-10-12 19:50:01','2019-10-12 19:50:01',NULL),(903,'279900','企業2799','03-0001-2799',363,NULL,'備考データ2799','2019-10-12 19:50:01','2019-10-12 19:50:01',NULL),(904,'280000','企業2800','03-0001-2800',48,NULL,'備考データ2800','2019-10-12 19:50:01','2019-11-23 20:05:51','2019-11-23 08:05:51'),(905,'280100','企業2801','03-0001-2801',111,NULL,'備考データ2801','2019-10-12 19:50:01','2019-10-12 19:50:01',NULL),(906,'280200','企業2802','03-0001-2802',369,NULL,'備考データ2802','2019-10-12 19:50:01','2019-10-12 19:50:01',NULL),(907,'280300','企業2803','03-0001-2803',246,NULL,'備考データ2803','2019-10-12 19:50:01','2019-11-06 22:47:31','2019-11-06 10:47:31'),(908,'280400','企業2804','03-0001-2804',54,NULL,'備考データ2804','2019-10-12 19:50:01','2019-11-06 22:45:11','2019-11-06 10:45:11'),(909,'280500','企業2805','03-0001-2805',345,NULL,'備考データ2805','2019-10-12 19:50:01','2019-11-06 22:46:45','2019-11-06 10:46:45'),(910,'280600','企業2806','03-0001-2806',519,NULL,'備考データ2806','2019-10-12 19:50:01','2019-11-06 22:51:29','2019-11-06 10:51:29'),(911,'280700','企業2807','03-0001-2807',165,NULL,'備考データ2807','2019-10-12 19:50:01','2019-11-06 22:59:47','2019-11-06 10:59:47'),(912,'280800','企業2808','03-0001-2808',39,NULL,'備考データ2808','2019-10-12 19:50:01','2019-11-23 20:05:51','2019-11-23 08:05:51'),(913,'280900','企業2809','03-0001-2809',579,NULL,'備考データ2809','2019-10-12 19:50:01','2019-10-12 19:50:01',NULL),(914,'281000','企業2810','03-0001-2810',312,NULL,'備考データ2810','2019-10-12 19:50:01','2019-11-06 23:00:06','2019-11-06 11:00:06'),(915,'281100','企業2811','03-0001-2811',210,NULL,'備考データ2811','2019-10-12 19:50:01','2019-11-06 23:00:15','2019-11-06 11:00:15'),(916,'281200','企業2812','03-0001-2812',92,NULL,'備考データ2812b','2019-10-12 19:50:01','2019-11-06 23:01:56',NULL),(917,'281300','企業2813','03-0001-2813',225,NULL,'備考データ2813','2019-10-12 19:50:01','2019-10-12 19:50:01',NULL),(918,'281400','企業2814','03-0001-2814',189,NULL,'備考データ2814','2019-10-12 19:50:01','2019-10-12 19:50:01',NULL),(919,'281500','企業2815','03-0001-2815',243,NULL,'備考データ2815','2019-10-12 19:50:01','2019-10-12 19:50:01',NULL),(920,'281600','企業2816','03-0001-2816',420,NULL,'備考データ2816','2019-10-12 19:50:01','2019-11-08 21:28:50','2019-11-08 09:28:50'),(921,'281700','企業2817','03-0001-2817',591,NULL,'備考データ2817','2019-10-12 19:50:01','2019-10-12 19:50:01',NULL),(922,'281800','企業2818','03-0001-2818',591,NULL,'備考データ2818','2019-10-12 19:50:01','2019-10-12 19:50:01',NULL),(923,'281900','企業2819','03-0001-2819',207,NULL,'備考データ2819','2019-10-12 19:50:01','2019-10-12 19:50:01',NULL),(924,'282000','企業2820','03-0001-2820',333,NULL,'備考データ2820','2019-10-12 19:50:01','2019-10-12 19:50:01',NULL),(925,'282100','企業2821','03-0001-2821',64,NULL,'備考データ2821b','2019-10-12 19:50:01','2019-11-06 23:13:20','2019-11-06 11:13:20'),(926,'282200','企業2822','03-0001-2822',483,NULL,'備考データ2822','2019-10-12 19:50:01','2019-10-12 19:50:01',NULL),(927,'282300','企業2823','03-0001-2823',312,NULL,'備考データ2823','2019-10-12 19:50:01','2019-10-12 19:50:01',NULL),(928,'282400','企業2824','03-0001-2824',408,NULL,'備考データ2824','2019-10-12 19:50:01','2019-10-12 19:50:01',NULL),(929,'282500','企業2825','03-0001-2825',561,NULL,'備考データ2825','2019-10-12 19:50:01','2019-10-12 19:50:01',NULL),(930,'282600','企業2826','03-0001-2826',324,NULL,'備考データ2826','2019-10-12 19:50:01','2019-10-12 19:50:01',NULL),(931,'282700','企業2827','03-0001-2827',471,NULL,'備考データ2827','2019-10-12 19:50:01','2019-10-12 19:50:01',NULL),(932,'282800','企業2828','03-0001-2828',105,NULL,'備考データ2828','2019-10-12 19:50:01','2019-10-12 19:50:01',NULL),(933,'282900','企業2829','03-0001-2829',459,NULL,'備考データ2829','2019-10-12 19:50:01','2019-10-12 19:50:01',NULL),(934,'283000','企業2830','03-0001-2830',369,NULL,'備考データ2830','2019-10-12 19:50:01','2019-10-12 19:50:01',NULL),(935,'283100','企業2831','03-0001-2831',45,NULL,'備考データ2831','2019-10-12 19:50:01','2019-11-23 14:35:06','2019-11-23 02:35:06'),(936,'283200','企業2832','03-0001-2832',90,NULL,'備考データ2832','2019-10-12 19:50:01','2019-10-12 19:50:01',NULL),(937,'283300','企業2833','03-0001-2833',195,NULL,'備考データ2833','2019-10-12 19:50:01','2019-10-12 19:50:01',NULL),(938,'283400','企業2834','03-0001-2834',528,NULL,'備考データ2834','2019-10-12 19:50:01','2019-10-12 19:50:01',NULL),(939,'283500','企業2835','03-0001-2835',558,NULL,'備考データ2835','2019-10-12 19:50:01','2019-10-12 19:50:01',NULL),(940,'283600','企業2836','03-0001-2836',18,NULL,'備考データ2836','2019-10-12 19:50:01','2019-10-12 19:50:01',NULL),(941,'283700','企業2837','03-0001-2837',522,NULL,'備考データ2837','2019-10-12 19:50:01','2019-10-12 19:50:01',NULL),(942,'283800','企業2838','03-0001-2838',423,NULL,'備考データ2838','2019-10-12 19:50:01','2019-10-12 19:50:01',NULL),(943,'283900','企業2839','03-0001-2839',396,NULL,'備考データ2839','2019-10-12 19:50:01','2019-10-12 19:50:01',NULL),(944,'284000','企業2840','03-0001-2840',387,NULL,'備考データ2840','2019-10-12 19:50:01','2019-10-12 19:50:01',NULL),(945,'284100','企業2841','03-0001-2841',363,NULL,'備考データ2841','2019-10-12 19:50:01','2019-10-12 19:50:01',NULL),(946,'284200','企業2842','03-0001-2842',546,NULL,'備考データ2842','2019-10-12 19:50:01','2019-10-12 19:50:01',NULL),(947,'284300','企業2843','03-0001-2843',48,NULL,'備考データ2843','2019-10-12 19:50:01','2019-11-23 20:05:51','2019-11-23 08:05:51'),(948,'284400','企業2844','03-0001-2844',27,NULL,'備考データ2844','2019-10-12 19:50:01','2019-11-23 20:05:51','2019-11-23 08:05:51'),(949,'284500','企業2845','03-0001-2845',60,NULL,'備考データ2845','2019-10-12 19:50:01','2019-10-12 19:50:01',NULL),(950,'284600','企業2846','03-0001-2846',474,NULL,'備考データ2846','2019-10-12 19:50:01','2019-10-12 19:50:01',NULL),(951,'284700','企業2847','03-0001-2847',195,NULL,'備考データ2847','2019-10-12 19:50:01','2019-10-12 19:50:01',NULL),(952,'284800','企業2848','03-0001-2848',330,NULL,'備考データ2848','2019-10-12 19:50:01','2019-10-12 19:50:01',NULL),(953,'284900','企業2849','03-0001-2849',558,NULL,'備考データ2849','2019-10-12 19:50:01','2019-10-12 19:50:01',NULL),(954,'285000','企業2850','03-0001-2850',111,NULL,'備考データ2850','2019-10-12 19:50:01','2019-10-12 19:50:01',NULL),(955,'285100','企業2851','03-0001-2851',489,NULL,'備考データ2851','2019-10-12 19:50:01','2019-10-12 19:50:01',NULL),(956,'285200','企業2852','03-0001-2852',123,NULL,'備考データ2852','2019-10-12 19:50:01','2019-10-12 19:50:01',NULL),(957,'285300','企業2853','03-0001-2853',48,NULL,'備考データ2853','2019-10-12 19:50:01','2019-11-23 20:05:51','2019-11-23 08:05:51'),(958,'285400','企業2854','03-0001-2854',135,NULL,'備考データ2854','2019-10-12 19:50:01','2019-10-12 19:50:01',NULL),(959,'285500','企業2855','03-0001-2855',309,NULL,'備考データ2855','2019-10-12 19:50:01','2019-10-12 19:50:01',NULL),(960,'285600','企業2856','03-0001-2856',594,NULL,'備考データ2856','2019-10-12 19:50:01','2019-10-12 19:50:01',NULL),(961,'285700','企業2857','03-0001-2857',234,NULL,'備考データ2857','2019-10-12 19:50:01','2019-10-12 19:50:01',NULL),(962,'285800','企業2858','03-0001-2858',294,NULL,'備考データ2858','2019-10-12 19:50:01','2019-10-12 19:50:01',NULL),(963,'285900','企業2859','03-0001-2859',435,NULL,'備考データ2859','2019-10-12 19:50:01','2019-10-12 19:50:01',NULL),(964,'286000','企業2860','03-0001-2860',561,NULL,'備考データ2860','2019-10-12 19:50:01','2019-10-12 19:50:01',NULL),(965,'286100','企業2861','03-0001-2861',294,NULL,'備考データ2861','2019-10-12 19:50:01','2019-10-12 19:50:01',NULL),(966,'286200','企業2862','03-0001-2862',12,NULL,'備考データ2862','2019-10-12 19:50:01','2019-10-12 19:50:01',NULL),(967,'286300','企業2863','03-0001-2863',495,NULL,'備考データ2863','2019-10-12 19:50:01','2019-10-12 19:50:01',NULL),(968,'286400','企業2864','03-0001-2864',468,NULL,'備考データ2864','2019-10-12 19:50:01','2019-11-23 14:37:21','2019-11-23 02:37:21'),(969,'286500','企業2865','03-0001-2865',39,NULL,'備考データ2865','2019-10-12 19:50:01','2019-11-23 20:05:51','2019-11-23 08:05:51'),(970,'286600','企業2866','03-0001-2866',447,NULL,'備考データ2866','2019-10-12 19:50:01','2019-10-12 19:50:01',NULL),(971,'286700','企業2867','03-0001-2867',309,NULL,'備考データ2867','2019-10-12 19:50:01','2019-10-12 19:50:01',NULL),(972,'286800','企業2868','03-0001-2868',402,NULL,'備考データ2868','2019-10-12 19:50:01','2019-10-12 19:50:01',NULL),(973,'286900','企業2869','03-0001-2869',399,NULL,'備考データ2869','2019-10-12 19:50:01','2019-10-12 19:50:01',NULL),(974,'287000','企業2870','03-0001-2870',351,NULL,'備考データ2870','2019-10-12 19:50:01','2019-10-12 19:50:01',NULL),(975,'287100','企業2871','03-0001-2871',528,NULL,'備考データ2871','2019-10-12 19:50:01','2019-10-12 19:50:01',NULL),(976,'287200','企業2872','03-0001-2872',174,NULL,'備考データ2872','2019-10-12 19:50:01','2019-10-12 19:50:01',NULL),(977,'287300','企業2873','03-0001-2873',132,NULL,'備考データ2873','2019-10-12 19:50:01','2019-10-12 19:50:01',NULL),(978,'287400','企業2874','03-0001-2874',102,NULL,'備考データ2874','2019-10-12 19:50:01','2019-11-23 14:37:21','2019-11-23 02:37:21'),(979,'287500','企業2875','03-0001-2875',24,NULL,'備考データ2875','2019-10-12 19:50:01','2019-11-23 20:05:51','2019-11-23 08:05:51'),(980,'287600','企業2876','03-0001-2876',537,NULL,'備考データ2876','2019-10-12 19:50:01','2019-10-12 19:50:01',NULL),(981,'287700','企業2877','03-0001-2877',522,NULL,'備考データ2877','2019-10-12 19:50:01','2019-10-12 19:50:01',NULL),(982,'287800','企業2878','03-0001-2878',432,NULL,'備考データ2878','2019-10-12 19:50:01','2019-10-12 19:50:01',NULL),(983,'287900','企業2879','03-0001-2879',123,NULL,'備考データ2879','2019-10-12 19:50:01','2019-10-12 19:50:01',NULL),(984,'288000','企業2880','03-0001-2880',48,NULL,'備考データ2880','2019-10-12 19:50:01','2019-11-23 20:05:51','2019-11-23 08:05:51'),(985,'288100','企業2881','03-0001-2881',441,NULL,'備考データ2881','2019-10-12 19:50:01','2019-10-12 19:50:01',NULL),(986,'288200','企業2882','03-0001-2882',999,NULL,'備考データ2882','2019-10-12 19:50:01','2019-10-12 21:49:02','2019-10-12 09:49:02'),(987,'288300','企業2883','03-0001-2883',522,NULL,'備考データ2883','2019-10-12 19:50:01','2019-10-12 19:50:01',NULL),(988,'288400','企業2884','03-0001-2884',195,NULL,'備考データ2884','2019-10-12 19:50:01','2019-11-23 14:37:21','2019-11-23 02:37:21'),(989,'288500','企業2885','03-0001-2885',216,NULL,'備考データ2885','2019-10-12 19:50:01','2019-12-07 00:05:05','2019-12-07 12:05:05'),(990,'288600','企業2886','03-0001-2886',249,NULL,'備考データ2886','2019-10-12 19:50:01','2019-10-12 19:50:01',NULL),(991,'288700','企業2887','03-0001-2887',594,NULL,'備考データ2887','2019-10-12 19:50:01','2019-12-21 15:06:01','2019-12-21 03:06:01'),(992,'288800','企業2888','03-0001-2888',57,NULL,'備考データ2888','2019-10-12 19:50:01','2019-12-07 13:52:17','2019-12-07 01:52:17'),(993,'288900','企業2889','03-0001-2889',171,NULL,'備考データ2889','2019-10-12 19:50:01','2019-10-12 19:50:01',NULL),(994,'289000','企業2890','03-0001-2890',98,NULL,'備考データ2890','2019-10-12 19:50:01','2019-10-14 17:05:19',NULL),(995,'289100','企業2891','03-0001-2891',591,NULL,'備考データ2891','2019-10-12 19:50:01','2019-10-12 19:50:01',NULL),(996,'289200','企業2892','03-0001-2892',138,NULL,'備考データ2892','2019-10-12 19:50:01','2019-10-12 19:50:01',NULL),(997,'289300','企業2893','03-0001-2893',225,NULL,'備考データ2893','2019-10-12 19:50:01','2019-10-12 19:50:01',NULL),(998,'289400','企業2894','03-0001-2894',315,NULL,'備考データ2894','2019-10-12 19:50:01','2019-11-23 14:37:37','2019-11-23 02:37:37'),(999,'289500','企業2895','03-0001-2895',435,NULL,'備考データ2895','2019-10-12 19:50:01','2019-10-12 19:50:01',NULL),(1000,'289600','企業2896','03-0001-2896',90,NULL,'備考データ2896','2019-10-12 19:50:01','2019-10-12 19:50:01',NULL),(1001,'289700','企業2897','03-0001-2897',186,NULL,'備考データ2897','2019-10-12 19:50:01','2019-10-12 19:50:01',NULL),(1004,'999999','テスト企業','',NULL,NULL,'123','2019-10-12 19:50:01','2019-10-26 23:23:09','2019-10-26 11:23:09'),(1005,'999998','テスト','',1,NULL,'','2019-10-12 19:50:01','2019-11-23 13:15:03','2019-11-23 01:15:03'),(1006,'1','1','',NULL,NULL,'','2019-10-12 19:50:01','2019-10-26 14:07:46','2019-10-26 02:07:46'),(1007,'a','a','',99,NULL,'','2019-10-12 19:50:01','2019-10-26 23:21:55','2019-10-26 11:21:55'),(1008,'123456','新規追加','',999,NULL,'','2019-10-12 19:50:01','2019-10-12 21:37:30','2019-10-12 09:37:30'),(1010,'103300','テスト','',NULL,NULL,'','2019-10-12 21:33:33','2019-10-12 21:34:15','2019-10-12 09:34:15'),(1011,'103300','テスト2','',1,NULL,'','2019-10-12 21:34:26','2019-10-12 21:37:15','2019-10-12 09:37:15'),(1012,'726522','test1','',NULL,NULL,'','2019-10-14 16:27:36','2019-10-14 16:29:10','2019-10-14 04:29:10'),(1013,'424456','test2','',NULL,NULL,'','2019-10-14 16:28:50','2019-10-14 16:29:10','2019-10-14 04:29:10'),(1014,'967762','add/edit統一','',1,NULL,'memo2','2019-10-20 10:30:10','2019-10-20 10:41:50',NULL),(1015,'900999','test','-',99,NULL,'note123','2019-10-20 16:03:43','2019-11-23 18:59:23','2019-11-23 06:59:23'),(1016,'1410','aa','',NULL,NULL,'','2019-10-20 23:36:17','2019-10-20 23:42:29','2019-10-20 23:36:17'),(1017,'1412','bb','',NULL,NULL,'','2019-10-20 23:38:20','2019-10-20 23:42:29','2019-10-20 23:36:17'),(1018,'102000','testX','',NULL,NULL,'','2019-10-20 23:45:06','2019-11-09 14:14:08','2019-11-09 02:14:08'),(1019,'928057','テスト企業9','03-0000-001',32,NULL,'note.','2019-10-26 13:56:40','2019-11-23 18:59:23','2019-11-23 06:59:23'),(1020,'739192','del','',NULL,NULL,'','2019-10-26 14:18:01','2019-11-23 18:59:23','2019-11-23 06:59:23'),(1021,'490108','t1','',NULL,NULL,'','2019-10-26 23:21:47','2019-11-23 14:32:50','2019-11-23 02:32:50'),(1022,'320944','t2','',NULL,NULL,'','2019-10-26 23:22:41','2019-10-26 23:22:47','2019-10-26 11:22:47'),(1023,'254283','t3','',NULL,NULL,'','2019-10-26 23:23:00','2019-11-23 15:11:34','2019-11-23 03:11:34'),(1024,'380347','企業マスタ380347','03-0000-0001',30,NULL,'','2019-11-17 22:20:31','2019-11-23 15:01:38','2019-11-23 03:01:38'),(1025,'242242','名称','電話番号',5,NULL,'備考','2019-11-23 15:14:09','2019-11-23 15:14:45','2019-11-23 03:14:45'),(1026,'331101','testz','',NULL,NULL,'','2019-11-23 22:38:28','2019-11-23 22:38:28',NULL),(1027,'103181','testXc','',1,NULL,'memo','2019-12-01 19:57:39','2019-12-01 19:58:01',NULL),(1036,'731215','notices','',NULL,NULL,'','2019-12-07 15:02:28','2019-12-07 15:02:28',NULL),(1037,'173471','TEST123','',24,'2019-12-28','aaax','2019-12-28 11:56:08','2019-12-28 12:46:02',NULL);
/*!40000 ALTER TABLE `m_companies` ENABLE KEYS */;
UNLOCK TABLES;

--
-- Table structure for table `m_companies_tags`
--

DROP TABLE IF EXISTS `m_companies_tags`;
/*!40101 SET @saved_cs_client     = @@character_set_client */;
/*!50503 SET character_set_client = utf8mb4 */;
CREATE TABLE `m_companies_tags` (
  `id` int(11) NOT NULL AUTO_INCREMENT,
  `m_company_id` int(11) NOT NULL,
  `tag_id` int(11) NOT NULL,
  PRIMARY KEY (`id`)
) ENGINE=InnoDB AUTO_INCREMENT=88 DEFAULT CHARSET=utf8mb4 COLLATE=utf8mb4_0900_ai_ci;
/*!40101 SET character_set_client = @saved_cs_client */;

--
-- Dumping data for table `m_companies_tags`
--

LOCK TABLES `m_companies_tags` WRITE;
/*!40000 ALTER TABLE `m_companies_tags` DISABLE KEYS */;
INSERT INTO `m_companies_tags` VALUES (13,1,7),(17,1013,3),(18,1005,3),(19,1004,2),(20,994,1),(21,994,3),(22,1014,1),(23,1014,2),(24,1014,3),(25,19,3),(28,4,1),(30,1015,1),(31,1015,2),(32,1016,3),(33,1017,2),(34,1018,2),(36,13,3),(37,3,2),(38,113,2),(39,115,2),(40,1019,1),(41,1007,2),(42,1020,2),(43,7,2),(44,1021,2),(45,1022,2),(46,1023,2),(47,40,2),(48,41,2),(49,916,2),(50,925,2),(52,23,2),(53,1024,1),(54,216,2),(55,1025,1),(56,1025,2),(58,1,1),(59,1026,1),(60,1,2),(61,6,2),(62,5,2),(63,258,2),(64,260,2),(65,298,2),(66,311,2),(67,1027,2),(68,1027,3),(69,37,2),(70,18,2),(71,26,2),(72,128,2),(81,1036,2),(82,43,2),(83,1037,2),(84,1037,1),(85,27,2),(86,38,2),(87,38,3);
/*!40000 ALTER TABLE `m_companies_tags` ENABLE KEYS */;
UNLOCK TABLES;

--
-- Table structure for table `notices`
--

DROP TABLE IF EXISTS `notices`;
/*!40101 SET @saved_cs_client     = @@character_set_client */;
/*!50503 SET character_set_client = utf8mb4 */;
CREATE TABLE `notices` (
  `id` int(11) NOT NULL AUTO_INCREMENT,
  `m_company_id` int(11) NOT NULL,
  `message` varchar(45) NOT NULL,
  `category_id` int(11) NOT NULL,
  `created_at` datetime NOT NULL DEFAULT CURRENT_TIMESTAMP,
  `updated_at` datetime NOT NULL DEFAULT CURRENT_TIMESTAMP ON UPDATE CURRENT_TIMESTAMP,
  `deleted_at` datetime DEFAULT NULL,
  PRIMARY KEY (`id`)
) ENGINE=InnoDB AUTO_INCREMENT=25 DEFAULT CHARSET=utf8mb4 COLLATE=utf8mb4_0900_ai_ci;
/*!40101 SET character_set_client = @saved_cs_client */;

--
-- Dumping data for table `notices`
--

LOCK TABLES `notices` WRITE;
/*!40000 ALTER TABLE `notices` DISABLE KEYS */;
INSERT INTO `notices` VALUES (1,1,'1aa6',1,'2019-10-20 16:17:59','2019-11-23 22:49:41',NULL),(2,1015,'2b',1,'2019-10-20 16:36:08','2019-10-20 17:21:14','2019-10-20 17:21:14'),(3,1015,'3c',1,'2019-10-20 17:05:51','2019-10-20 17:21:14','2019-10-20 17:21:14'),(4,1015,'4d',1,'2019-10-20 17:08:45','2019-10-20 17:21:14','2019-10-20 17:21:14'),(5,1015,'5e',1,'2019-10-20 17:08:45','2019-10-20 17:21:14','2019-10-20 17:21:14'),(6,1015,'6f',1,'2019-10-20 17:08:45','2019-10-20 17:21:14','2019-10-20 17:21:14'),(8,1015,'gZZ',1,'2019-10-20 17:13:36','2019-10-20 17:21:14','2019-10-20 17:21:14'),(9,1015,'h',1,'2019-10-20 17:13:36','2019-10-20 17:21:14','2019-10-20 17:21:14'),(10,1015,'ZZZzx',1,'2019-10-20 17:22:55','2019-10-25 23:03:45',NULL),(11,1015,'1',1,'2019-10-20 17:22:55','2019-10-20 17:22:55',NULL),(12,1015,'2',1,'2019-10-20 17:22:55','2019-10-20 17:22:55',NULL),(13,1016,'a',1,'2019-10-20 23:36:17','2019-10-20 23:36:17',NULL),(14,1016,'a',1,'2019-10-20 23:36:17','2019-10-20 23:36:17',NULL),(15,1017,'z',1,'2019-10-20 23:38:20','2019-10-20 23:38:20',NULL),(16,1018,'1',1,'2019-10-20 23:45:06','2019-10-20 23:45:06',NULL),(17,1,'2bb',1,'2019-10-21 13:03:46','2019-11-23 22:35:30',NULL),(18,1,'3cdx',1,'2019-10-21 13:04:04','2019-10-22 17:33:45',NULL),(19,23,'notice',1,'2019-11-17 18:38:25','2019-11-17 18:38:25',NULL),(20,1024,'通知',1,'2019-11-17 22:20:31','2019-11-17 22:20:31',NULL),(21,216,'216',1,'2019-11-23 15:10:07','2019-11-23 15:10:07',NULL),(22,1025,'通知+',1,'2019-11-23 15:14:09','2019-11-23 15:14:09',NULL),(23,1,'4ghz',1,'2019-11-23 22:35:30','2019-11-27 23:56:02',NULL),(24,1036,'aaa',1,'2019-12-07 15:02:28','2019-12-07 15:02:28',NULL);
/*!40000 ALTER TABLE `notices` ENABLE KEYS */;
UNLOCK TABLES;

--
-- Table structure for table `role_details`
--

DROP TABLE IF EXISTS `role_details`;
/*!40101 SET @saved_cs_client     = @@character_set_client */;
/*!50503 SET character_set_client = utf8mb4 */;
CREATE TABLE `role_details` (
  `id` int(11) NOT NULL AUTO_INCREMENT,
  `parent_id` int(11) DEFAULT NULL,
  `name` varchar(45) NOT NULL,
  `description` varchar(45) DEFAULT NULL,
  `created_at` datetime NOT NULL DEFAULT CURRENT_TIMESTAMP,
  `updated_at` datetime NOT NULL DEFAULT CURRENT_TIMESTAMP ON UPDATE CURRENT_TIMESTAMP,
  `deleted_at` datetime DEFAULT NULL,
  PRIMARY KEY (`id`)
) ENGINE=InnoDB AUTO_INCREMENT=7 DEFAULT CHARSET=utf8mb4 COLLATE=utf8mb4_0900_ai_ci;
/*!40101 SET character_set_client = @saved_cs_client */;

--
-- Dumping data for table `role_details`
--

LOCK TABLES `role_details` WRITE;
/*!40000 ALTER TABLE `role_details` DISABLE KEYS */;
INSERT INTO `role_details` VALUES (1,2,'作成・編集','test','2019-12-21 17:46:23','2019-12-30 15:17:49',NULL),(2,NULL,'親権限','ベースとなる権限','2019-12-21 17:46:43','2019-12-29 23:22:55',NULL),(3,2,'参照','','2019-12-21 18:40:44','2019-12-21 18:40:44',NULL),(4,NULL,'ユーザー (参照)','','2019-12-28 13:11:25','2020-01-07 23:34:57','2020-01-07 11:34:57'),(5,NULL,'権限(参照)','','2019-12-29 10:40:55','2020-01-07 23:24:57',NULL),(6,NULL,'業務画面（詳細）','発注','2019-12-29 10:42:19','2019-12-29 10:42:19',NULL);
/*!40000 ALTER TABLE `role_details` ENABLE KEYS */;
UNLOCK TABLES;

--
-- Table structure for table `role_details_acos`
--

DROP TABLE IF EXISTS `role_details_acos`;
/*!40101 SET @saved_cs_client     = @@character_set_client */;
/*!50503 SET character_set_client = utf8mb4 */;
CREATE TABLE `role_details_acos` (
  `id` int(11) NOT NULL AUTO_INCREMENT,
  `aco_id` int(11) NOT NULL,
  `role_detail_id` int(11) NOT NULL,
  PRIMARY KEY (`id`)
) ENGINE=InnoDB AUTO_INCREMENT=22 DEFAULT CHARSET=utf8mb4 COLLATE=utf8mb4_0900_ai_ci;
/*!40101 SET character_set_client = @saved_cs_client */;

--
-- Dumping data for table `role_details_acos`
--

LOCK TABLES `role_details_acos` WRITE;
/*!40000 ALTER TABLE `role_details_acos` DISABLE KEYS */;
INSERT INTO `role_details_acos` VALUES (13,54,4),(14,55,4),(15,48,5),(16,49,5),(21,58,4);
/*!40000 ALTER TABLE `role_details_acos` ENABLE KEYS */;
UNLOCK TABLES;

--
-- Table structure for table `role_details_roles`
--

DROP TABLE IF EXISTS `role_details_roles`;
/*!40101 SET @saved_cs_client     = @@character_set_client */;
/*!50503 SET character_set_client = utf8mb4 */;
CREATE TABLE `role_details_roles` (
  `id` int(11) NOT NULL AUTO_INCREMENT,
  `role_id` int(11) NOT NULL,
  `role_detail_id` int(11) NOT NULL,
  PRIMARY KEY (`id`)
) ENGINE=InnoDB AUTO_INCREMENT=108 DEFAULT CHARSET=utf8mb4 COLLATE=utf8mb4_0900_ai_ci;
/*!40101 SET character_set_client = @saved_cs_client */;

--
-- Dumping data for table `role_details_roles`
--

LOCK TABLES `role_details_roles` WRITE;
/*!40000 ALTER TABLE `role_details_roles` DISABLE KEYS */;
INSERT INTO `role_details_roles` VALUES (96,2,5),(97,2,4),(98,1,4),(101,1,5),(102,1,6),(103,1,1),(106,27,5),(107,27,6);
/*!40000 ALTER TABLE `role_details_roles` ENABLE KEYS */;
UNLOCK TABLES;

--
-- Table structure for table `roles`
--

DROP TABLE IF EXISTS `roles`;
/*!40101 SET @saved_cs_client     = @@character_set_client */;
/*!50503 SET character_set_client = utf8mb4 */;
CREATE TABLE `roles` (
  `id` int(11) NOT NULL AUTO_INCREMENT,
  `name` varchar(45) NOT NULL,
  `description` varchar(45) DEFAULT NULL,
  `created_at` datetime NOT NULL DEFAULT CURRENT_TIMESTAMP,
  `updated_at` datetime NOT NULL DEFAULT CURRENT_TIMESTAMP ON UPDATE CURRENT_TIMESTAMP,
  `deleted_at` datetime DEFAULT NULL,
  PRIMARY KEY (`id`)
) ENGINE=InnoDB AUTO_INCREMENT=28 DEFAULT CHARSET=utf8mb4 COLLATE=utf8mb4_0900_ai_ci;
/*!40101 SET character_set_client = @saved_cs_client */;

--
-- Dumping data for table `roles`
--

LOCK TABLES `roles` WRITE;
/*!40000 ALTER TABLE `roles` DISABLE KEYS */;
INSERT INTO `roles` VALUES (1,'管理者','管理者権限1','2019-12-21 16:21:58','2020-01-07 23:42:43',NULL),(2,'ゲストユーザー','','2019-12-21 16:25:15','2020-01-07 23:34:57',NULL),(3,'TEST','','2019-12-21 16:26:32','2019-12-28 13:00:20','2019-12-28 01:00:20'),(4,'23','','2019-12-21 16:27:02','2019-12-21 17:34:38','2019-12-21 05:34:38'),(5,'w','','2019-12-21 16:37:07','2019-12-21 17:34:38','2019-12-21 05:34:38'),(6,'test2','','2019-12-21 16:43:04','2019-12-21 17:34:38','2019-12-21 05:34:38'),(7,'a b x','','2019-12-21 16:43:37','2019-12-21 17:34:38','2019-12-21 05:34:38'),(8,'test','','2019-12-21 16:46:10','2019-12-21 17:34:38','2019-12-21 05:34:38'),(9,'test','','2019-12-21 16:46:26','2019-12-21 17:34:38','2019-12-21 05:34:38'),(10,'etest','','2019-12-21 16:47:11','2019-12-21 17:34:38','2019-12-21 05:34:38'),(11,'124','','2019-12-21 16:49:53','2019-12-21 17:34:38','2019-12-21 05:34:38'),(12,'124','','2019-12-21 16:50:09','2019-12-21 17:34:38','2019-12-21 05:34:38'),(13,'e32e3w3qe','','2019-12-21 16:50:21','2019-12-21 17:34:38','2019-12-21 05:34:38'),(14,'e32e3w3qe','','2019-12-21 16:50:32','2019-12-21 17:34:38','2019-12-21 05:34:38'),(15,'se','','2019-12-21 16:50:44','2019-12-21 17:34:38','2019-12-21 05:34:38'),(16,'se','','2019-12-21 16:51:14','2019-12-21 17:34:38','2019-12-21 05:34:38'),(17,'abc','','2019-12-21 16:56:00','2019-12-21 17:34:38','2019-12-21 05:34:38'),(18,'abc','','2019-12-21 16:57:10','2019-12-21 17:34:38','2019-12-21 05:34:38'),(19,'rteaw','','2019-12-21 16:57:27','2019-12-21 17:34:38','2019-12-21 05:34:38'),(20,'rteaw','','2019-12-21 17:00:56','2019-12-21 17:34:38','2019-12-21 05:34:38'),(21,'gsf','','2019-12-21 17:16:11','2019-12-21 17:34:52','2019-12-21 05:34:52'),(22,'tgsegfes','','2019-12-21 17:17:37','2019-12-21 17:34:52','2019-12-21 05:34:52'),(23,'iy7','','2019-12-21 17:18:02','2019-12-21 17:34:52','2019-12-21 05:34:52'),(24,'zzz','','2019-12-21 17:22:13','2019-12-21 17:34:52','2019-12-21 05:34:52'),(25,'yrd','','2019-12-21 17:24:50','2019-12-21 17:34:52','2019-12-21 05:34:52'),(27,'test1','','2020-01-07 23:59:15','2020-01-08 00:00:27','2020-01-08 12:00:27');
/*!40000 ALTER TABLE `roles` ENABLE KEYS */;
UNLOCK TABLES;

--
-- Table structure for table `sessions`
--

DROP TABLE IF EXISTS `sessions`;
/*!40101 SET @saved_cs_client     = @@character_set_client */;
/*!50503 SET character_set_client = utf8mb4 */;
CREATE TABLE `sessions` (
  `id` char(40) CHARACTER SET ascii COLLATE ascii_bin NOT NULL,
  `created` datetime DEFAULT CURRENT_TIMESTAMP,
  `modified` datetime DEFAULT CURRENT_TIMESTAMP ON UPDATE CURRENT_TIMESTAMP,
  `data` blob,
  `expires` int(10) unsigned DEFAULT NULL,
  PRIMARY KEY (`id`)
) ENGINE=InnoDB DEFAULT CHARSET=utf8;
/*!40101 SET character_set_client = @saved_cs_client */;

--
-- Dumping data for table `sessions`
--

LOCK TABLES `sessions` WRITE;
/*!40000 ALTER TABLE `sessions` DISABLE KEYS */;
INSERT INTO `sessions` VALUES ('2qtesd032f3dehk2a7ursj75sv','2019-12-30 17:31:49','2019-12-30 18:04:18',_binary 'Config|a:1:{s:4:\"time\";i:1577696658;}Flash|a:0:{}',1577698098),('46ck6phstgbjgc42e5dlt6pbnq','2020-01-09 23:39:24','2020-01-09 23:40:44',_binary 'Config|a:1:{s:4:\"time\";i:1578580843;}Flash|a:0:{}Auth|O:21:\"App\\Model\\Entity\\User\":10:{s:10:\"\0*\0_hidden\";a:1:{i:0;s:8:\"password\";}s:10:\"\0*\0_fields\";a:7:{s:2:\"id\";i:2;s:5:\"email\";s:18:\"user01@example.com\";s:8:\"password\";s:60:\"$2y$10$4AxnrB8/93UUKuxzorZcFO2onKuHGVsaFZSOHYuJ43uLjsFKKnmH.\";s:7:\"role_id\";i:1;s:10:\"created_at\";O:20:\"Cake\\I18n\\FrozenTime\":3:{s:4:\"date\";s:26:\"2019-12-07 23:52:13.000000\";s:13:\"timezone_type\";i:3;s:8:\"timezone\";s:10:\"Asia/Tokyo\";}s:10:\"updated_at\";O:20:\"Cake\\I18n\\FrozenTime\":3:{s:4:\"date\";s:26:\"2020-01-09 23:39:05.000000\";s:13:\"timezone_type\";i:3;s:8:\"timezone\";s:10:\"Asia/Tokyo\";}s:10:\"deleted_at\";N;}s:12:\"\0*\0_original\";a:0:{}s:11:\"\0*\0_virtual\";a:0:{}s:9:\"\0*\0_dirty\";a:0:{}s:7:\"\0*\0_new\";b:0;s:10:\"\0*\0_errors\";a:0:{}s:11:\"\0*\0_invalid\";a:0:{}s:14:\"\0*\0_accessible\";a:1:{s:1:\"*\";b:1;}s:17:\"\0*\0_registryAlias\";s:5:\"Users\";}',1578582284),('86n4g959ec0na7hubiqjnhj3ba','2020-01-09 23:45:01','2020-01-09 23:56:15',_binary 'Config|a:1:{s:4:\"time\";i:1578581775;}',1578583215),('t3tobj751gd7g4aubkiej442r7','2020-01-07 23:23:20','2020-01-08 00:17:33',_binary 'Config|a:1:{s:4:\"time\";i:1578410253;}Flash|a:0:{}',1578411693);
/*!40000 ALTER TABLE `sessions` ENABLE KEYS */;
UNLOCK TABLES;

--
-- Table structure for table `tags`
--

DROP TABLE IF EXISTS `tags`;
/*!40101 SET @saved_cs_client     = @@character_set_client */;
/*!50503 SET character_set_client = utf8mb4 */;
CREATE TABLE `tags` (
  `id` int(11) NOT NULL AUTO_INCREMENT,
  `name` varchar(45) NOT NULL,
  `created_at` datetime NOT NULL DEFAULT CURRENT_TIMESTAMP,
  `updated_at` datetime NOT NULL DEFAULT CURRENT_TIMESTAMP ON UPDATE CURRENT_TIMESTAMP,
  `deleted_at` datetime DEFAULT NULL,
  PRIMARY KEY (`id`),
  UNIQUE KEY `name_UNIQUE` (`name`,`deleted_at`)
) ENGINE=InnoDB AUTO_INCREMENT=8 DEFAULT CHARSET=utf8mb4 COLLATE=utf8mb4_0900_ai_ci;
/*!40101 SET character_set_client = @saved_cs_client */;

--
-- Dumping data for table `tags`
--

LOCK TABLES `tags` WRITE;
/*!40000 ALTER TABLE `tags` DISABLE KEYS */;
INSERT INTO `tags` VALUES (1,'2019年','2019-10-14 13:00:48','2019-10-14 13:00:48',NULL),(2,'テスト用','2019-10-14 13:00:48','2019-10-14 13:28:14',NULL),(3,'タグテスト3','2019-10-14 13:01:02','2019-10-22 17:46:38',NULL),(6,'タグテスト3','2019-10-14 13:02:07','2019-10-22 17:46:41','2019-01-01 00:00:00');
/*!40000 ALTER TABLE `tags` ENABLE KEYS */;
UNLOCK TABLES;

--
-- Table structure for table `users`
--

DROP TABLE IF EXISTS `users`;
/*!40101 SET @saved_cs_client     = @@character_set_client */;
/*!50503 SET character_set_client = utf8mb4 */;
CREATE TABLE `users` (
  `id` int(11) NOT NULL AUTO_INCREMENT,
  `email` varchar(255) NOT NULL,
  `password` varchar(255) DEFAULT NULL,
  `role_id` int(11) NOT NULL,
  `created_at` datetime NOT NULL DEFAULT CURRENT_TIMESTAMP,
  `updated_at` datetime NOT NULL DEFAULT CURRENT_TIMESTAMP ON UPDATE CURRENT_TIMESTAMP,
  `deleted_at` datetime DEFAULT NULL,
  PRIMARY KEY (`id`),
  UNIQUE KEY `email_UNIQUE` (`email`)
) ENGINE=InnoDB AUTO_INCREMENT=6 DEFAULT CHARSET=utf8mb4 COLLATE=utf8mb4_0900_ai_ci;
/*!40101 SET character_set_client = @saved_cs_client */;

--
-- Dumping data for table `users`
--

LOCK TABLES `users` WRITE;
/*!40000 ALTER TABLE `users` DISABLE KEYS */;
INSERT INTO `users` VALUES (1,'sv01est@gmail.com',NULL,1,'2019-12-07 23:42:30','2019-12-30 00:21:19',NULL),(2,'user01@example.com','$2y$10$4AxnrB8/93UUKuxzorZcFO2onKuHGVsaFZSOHYuJ43uLjsFKKnmH.',1,'2019-12-07 23:52:13','2020-01-09 23:39:05',NULL),(3,'user02@example.com','$2y$10$4AxnrB8/93UUKuxzorZcFO2onKuHGVsaFZSOHYuJ43uLjsFKKnmH.',2,'2019-12-07 23:56:07','2020-01-09 23:39:05',NULL),(4,'user03@example.com','$2y$10$4AxnrB8/93UUKuxzorZcFO2onKuHGVsaFZSOHYuJ43uLjsFKKnmH.',2,'2019-12-21 16:27:25','2020-01-09 23:39:05',NULL),(5,'test@example.com',NULL,1,'2019-12-28 23:25:00','2019-12-30 11:36:32',NULL);
/*!40000 ALTER TABLE `users` ENABLE KEYS */;
UNLOCK TABLES;
/*!40103 SET TIME_ZONE=@OLD_TIME_ZONE */;

/*!40101 SET SQL_MODE=@OLD_SQL_MODE */;
/*!40014 SET FOREIGN_KEY_CHECKS=@OLD_FOREIGN_KEY_CHECKS */;
/*!40014 SET UNIQUE_CHECKS=@OLD_UNIQUE_CHECKS */;
/*!40101 SET CHARACTER_SET_CLIENT=@OLD_CHARACTER_SET_CLIENT */;
/*!40101 SET CHARACTER_SET_RESULTS=@OLD_CHARACTER_SET_RESULTS */;
/*!40101 SET COLLATION_CONNECTION=@OLD_COLLATION_CONNECTION */;
/*!40111 SET SQL_NOTES=@OLD_SQL_NOTES */;

-- Dump completed on 2020-01-09 23:57:40
